source_row_uid,label,attack_cat,dt_prediction,dt_score,rf_prediction,rf_score,svm_prediction,svm_score,nn_prediction,nn_score,stacking_prediction,stacking_score,reconstruction_error,ae_flag,c01_prediction,c06_prediction,supervised_detected,ae_detected,quadrant
UNSW_NB15_testing-set.csv:246,1,Backdoor,1,1.0,1,1.0,1,1.231183622601705,1,0.9999889,1,0.9867158563152493,9.504676,0,1,1,1,0,Q2
UNSW_NB15_testing-set.csv:483,1,Backdoor,1,1.0,1,1.0,1,1.5116093944571516,1,0.9995908,1,0.9899401384619951,0.5540132,0,1,1,1,0,Q2
UNSW_NB15_testing-set.csv:513,1,Backdoor,1,1.0,1,1.0,1,1.232376841544367,1,0.9999908,1,0.9867315674090796,9.522092,0,1,1,1,0,Q2
UNSW_NB15_testing-set.csv:524,1,Backdoor,1,1.0,1,1.0,1,1.4059368387323907,1,0.99364895,1,0.9887817213614118,0.2077596,0,1,1,1,0,Q2
UNSW_NB15_testing-set.csv:694,1,Backdoor,1,1.0,1,0.9933333333333333,1,0.4987601551293066,1,0.99286485,1,0.9713980043368258,0.09114037,0,1,1,1,0,Q2
UNSW_NB15_testing-set.csv:905,1,Backdoor,1,1.0,1,0.9133333333333333,1,0.2991801364602319,1,0.6621741,1,0.9302745071193853,0.043803334,0,1,1,1,0,Q2
UNSW_NB15_testing-set.csv:1067,1,Backdoor,1,1.0,1,0.9466666666666667,1,2.129719840787688,1,0.9999927,1,0.992396147847091,1.5194093,0,1,1,1,0,Q2
UNSW_NB15_testing-set.csv:1088,1,Backdoor,1,1.0,1,0.99,1,0.04886123649915686,1,0.9851525,1,0.9546580917116759,0.0933612,0,1,1,1,0,Q2
UNSW_NB15_testing-set.csv:1144,1,Backdoor,1,1.0,1,1.0,1,1.2119493725957797,1,0.99999595,1,0.986460397587133,9.515148,0,1,1,1,0,Q2
UNSW_NB15_testing-set.csv:1151,1,Backdoor,1,1.0,1,1.0,1,2.2856195303373674,1,0.99999785,1,0.9953512131572378,0.3816833,0,1,1,1,0,Q2
UNSW_NB15_testing-set.csv:1282,1,Backdoor,1,1.0,1,1.0,1,1.3651780028919012,1,0.9999776,1,0.9883684689295811,9.060168,0,1,1,1,0,Q2
UNSW_NB15_testing-set.csv:1335,1,Backdoor,1,1.0,1,1.0,1,1.221932061397181,1,0.9999981,1,0.9865936336452273,9.536599,0,1,1,1,0,Q2
UNSW_NB15_testing-set.csv:1422,1,Backdoor,1,1.0,1,0.9366666666666666,0,-0.954967371749204,1,0.96098024,1,0.8434640030649554,0.16356622,0,1,1,1,0,Q2
UNSW_NB15_testing-set.csv:1498,1,Backdoor,1,1.0,1,0.8233333333333334,1,3.6760347028439737,1,0.9999809,1,0.9964640215315371,0.28079477,0,1,1,1,0,Q2
UNSW_NB15_testing-set.csv:1625,1,Backdoor,1,1.0,1,1.0,1,1.525490724141186,1,0.99970007,1,0.990078723985272,0.50051403,0,1,1,1,0,Q2
UNSW_NB15_testing-set.csv:1703,1,Backdoor,1,1.0,1,1.0,1,1.5104655677209335,1,0.99966156,1,0.9899291778135034,0.5633904,0,1,1,1,0,Q2
UNSW_NB15_testing-set.csv:1814,1,Backdoor,1,1.0,1,1.0,1,1.2656676500020634,1,0.998206,1,0.9871466468727604,0.20583893,0,1,1,1,0,Q2
UNSW_NB15_testing-set.csv:1860,1,Backdoor,1,1.0,1,1.0,1,1.3355634762442956,1,0.9978568,1,0.9880044520186043,0.21107188,0,1,1,1,0,Q2
UNSW_NB15_testing-set.csv:1974,1,Backdoor,1,1.0,1,1.0,1,1.179616392248421,1,0.99999785,1,0.986019914504027,9.400749,0,1,1,1,0,Q2
UNSW_NB15_testing-set.csv:2103,1,Backdoor,1,1.0,1,1.0,1,1.3504022955021941,1,0.9951088,1,0.9881577668421485,0.20082319,0,1,1,1,0,Q2
UNSW_NB15_testing-set.csv:2647,1,Backdoor,1,1.0,1,0.9766666666666667,1,1.04506864964836,1,0.8039385,1,0.9789326776013688,0.12920095,0,1,1,1,0,Q2
UNSW_NB15_testing-set.csv:2773,1,Backdoor,1,1.0,1,0.9633333333333334,1,0.5307781460213548,1,0.9731939,1,0.9662208117479468,0.084460974,0,1,1,1,0,Q2
UNSW_NB15_testing-set.csv:2804,1,Backdoor,1,1.0,1,1.0,1,1.5339783446509732,1,0.99848026,1,0.9901539508604402,0.25057405,0,1,1,1,0,Q2
UNSW_NB15_testing-set.csv:3011,1,Backdoor,1,1.0,1,1.0,1,1.3331565543900301,1,0.9947606,1,0.9879505889967719,0.19828331,0,1,1,1,0,Q2
UNSW_NB15_testing-set.csv:3277,1,Backdoor,1,1.0,1,0.99,1,3.711295110182303,1,0.99998903,1,0.9988121472202426,0.2325705,0,1,1,1,0,Q2
UNSW_NB15_testing-set.csv:3559,1,Backdoor,1,1.0,1,0.9666666666666667,1,0.5256212746897417,1,0.9845322,1,0.9669869552226387,0.09678394,0,1,1,1,0,Q2
UNSW_NB15_testing-set.csv:3876,1,Backdoor,1,1.0,1,0.99,1,3.715954240648216,1,0.9999964,1,0.9988176902567725,0.25541803,0,1,1,1,0,Q2
UNSW_NB15_testing-set.csv:4437,1,Backdoor,1,1.0,1,0.9866666666666667,1,0.6478559224317497,1,0.9754725,1,0.9739348416180756,0.09126609,0,1,1,1,0,Q2
UNSW_NB15_testing-set.csv:4753,1,Backdoor,1,1.0,1,0.9966666666666667,1,0.4723584387108972,1,0.9869243,1,0.9711352279510378,0.070441574,0,1,1,1,0,Q2
UNSW_NB15_testing-set.csv:5292,1,Backdoor,1,1.0,1,1.0,1,1.524362246180431,1,0.9988164,1,0.9900616417603688,0.27172375,0,1,1,1,0,Q2
UNSW_NB15_testing-set.csv:5339,1,Backdoor,1,1.0,1,1.0,1,1.4747714167411952,1,0.9596708,1,0.9892792528060659,0.25811338,0,1,1,1,0,Q2
UNSW_NB15_testing-set.csv:5440,1,Backdoor,1,1.0,1,1.0,1,1.5104655677209335,1,0.99966156,1,0.9899291778135034,0.5633904,0,1,1,1,0,Q2
UNSW_NB15_testing-set.csv:5516,1,Backdoor,1,1.0,1,1.0,1,1.5104655677209335,1,0.99966156,1,0.9899291778135034,0.5633904,0,1,1,1,0,Q2
UNSW_NB15_testing-set.csv:6323,1,Backdoor,1,1.0,1,0.9766666666666667,1,0.06321633137587901,1,0.9759926,1,0.9512302045316,0.11531522,0,1,1,1,0,Q2
UNSW_NB15_testing-set.csv:6350,1,Backdoor,1,1.0,1,1.0,1,1.1955166776930573,1,0.99998903,1,0.9862381940542236,9.532673,0,1,1,1,0,Q2
UNSW_NB15_testing-set.csv:6448,1,Backdoor,1,1.0,1,0.95,1,0.3288811772262782,1,0.92256117,1,0.9539805188141471,0.049725167,0,1,1,1,0,Q2
UNSW_NB15_testing-set.csv:6599,1,Backdoor,1,1.0,1,1.0,1,1.4984454440656887,1,0.99960524,1,0.9898077600744295,0.6250537,0,1,1,1,0,Q2
UNSW_NB15_testing-set.csv:6614,1,Backdoor,1,1.0,1,1.0,1,1.524362246180431,1,0.9988164,1,0.9900616417603688,0.27172375,0,1,1,1,0,Q2
UNSW_NB15_testing-set.csv:6640,1,Backdoor,1,1.0,1,1.0,1,1.5104655677209335,1,0.99966156,1,0.9899291778135034,0.5633904,0,1,1,1,0,Q2
UNSW_NB15_testing-set.csv:6647,1,Backdoor,1,1.0,1,0.9966666666666667,1,1.4139111540260907,1,0.9777028,1,0.988511695375402,0.24601555,0,1,1,1,0,Q2
UNSW_NB15_testing-set.csv:6653,1,Backdoor,1,1.0,1,1.0,1,1.5224856922185361,1,0.9996941,1,0.9900490033966128,0.55907875,0,1,1,1,0,Q2
UNSW_NB15_testing-set.csv:6665,1,Backdoor,1,1.0,1,1.0,1,1.1228469982239284,1,0.9819532,1,0.9850311350917772,0.1547111,0,1,1,1,0,Q2
UNSW_NB15_testing-set.csv:6707,1,Backdoor,1,1.0,1,1.0,1,1.5224856922185361,1,0.9996941,1,0.9900490033966128,0.5590786,0,1,1,1,0,Q2
UNSW_NB15_testing-set.csv:6736,1,Backdoor,1,1.0,1,1.0,1,1.3246248241909009,1,0.9935521,1,0.9878382618350591,0.17129317,0,1,1,1,0,Q2
UNSW_NB15_testing-set.csv:6765,1,Backdoor,1,1.0,1,1.0,1,1.2656676500020634,1,0.998206,1,0.9871466468727604,0.20583893,0,1,1,1,0,Q2
UNSW_NB15_testing-set.csv:6784,1,Backdoor,1,1.0,1,1.0,1,1.256764360819052,1,0.99799347,1,0.9870308702995854,0.2252672,0,1,1,1,0,Q2
UNSW_NB15_testing-set.csv:6800,1,Backdoor,1,1.0,1,1.0,1,1.1869524319448206,1,0.9968135,1,0.9860912365816549,0.17860441,0,1,1,1,0,Q2
UNSW_NB15_testing-set.csv:6804,1,Backdoor,1,1.0,1,1.0,1,1.1813878763524497,1,0.9967,1,0.9860133312398877,0.1971865,0,1,1,1,0,Q2
UNSW_NB15_testing-set.csv:6830,1,Backdoor,1,1.0,1,1.0,1,1.3192451622810664,1,0.9974981,1,0.9878057599034197,0.21099688,0,1,1,1,0,Q2
UNSW_NB15_testing-set.csv:45134,1,Backdoor,1,1.0,1,0.89,1,0.2724587847341927,1,0.7736057,1,0.9235949582064026,0.05432666,0,1,1,1,0,Q2
UNSW_NB15_testing-set.csv:45717,1,Backdoor,1,1.0,1,0.9866666666666667,1,0.46175057472039693,1,0.9926547,1,0.9691010348964191,0.087802656,0,1,1,1,0,Q2
UNSW_NB15_testing-set.csv:46183,1,Backdoor,1,1.0,1,0.8866666666666667,1,0.3989639924795373,1,0.9136531,1,0.9366650855951936,0.08901574,0,1,1,1,0,Q2
UNSW_NB15_testing-set.csv:46206,1,Backdoor,1,1.0,1,1.0,1,0.7723654112309493,1,0.97860765,1,0.9788040738244378,0.095407136,0,1,1,1,0,Q2
UNSW_NB15_testing-set.csv:46280,1,Backdoor,1,1.0,1,0.8833333333333333,0,-0.20220091995128814,0,0.22060415,1,0.8313237677745342,0.043595154,0,1,1,1,0,Q2
UNSW_NB15_testing-set.csv:46348,1,Backdoor,1,1.0,1,0.9,1,1.634219505291912,1,0.9999397,1,0.9833369664111292,0.2830508,0,1,1,1,0,Q2
UNSW_NB15_testing-set.csv:46418,1,Backdoor,0,0.0,1,0.8466666666666667,1,0.20597463476093225,1,0.8119337,1,0.8759720891991029,0.062121328,0,1,1,1,0,Q2
UNSW_NB15_testing-set.csv:46464,1,Backdoor,1,1.0,1,0.9933333333333333,1,0.6544855007209154,1,0.995806,1,0.9754843590050495,0.08640867,0,1,1,1,0,Q2
UNSW_NB15_testing-set.csv:46490,1,Backdoor,1,1.0,1,0.9933333333333333,1,0.9487431087099587,1,0.9955798,1,0.9816374339650573,0.24781656,0,1,1,1,0,Q2
UNSW_NB15_testing-set.csv:46838,1,Backdoor,1,1.0,1,0.9433333333333334,1,2.0878689186870014,1,0.9999939,1,0.9919042983091539,0.27664787,0,1,1,1,0,Q2
UNSW_NB15_testing-set.csv:46883,1,Backdoor,1,1.0,1,0.99,1,2.085592522412738,1,0.999995,1,0.9939533713663595,0.26946718,0,1,1,1,0,Q2
UNSW_NB15_testing-set.csv:46929,1,Backdoor,1,1.0,1,0.9433333333333334,1,2.0878689186870014,1,0.9999939,1,0.9919042983091539,0.27664787,0,1,1,1,0,Q2
UNSW_NB15_testing-set.csv:47018,1,Backdoor,1,1.0,1,0.99,1,2.085592522412738,1,0.999995,1,0.9939533713663595,0.26946718,0,1,1,1,0,Q2
UNSW_NB15_testing-set.csv:47062,1,Backdoor,1,1.0,1,1.0,1,2.1357044281425033,1,0.99999845,1,0.9946001647164334,0.261749,0,1,1,1,0,Q2
UNSW_NB15_testing-set.csv:47142,1,Backdoor,1,1.0,1,0.96,1,2.146327640649419,1,0.9999964,1,0.9931236524441898,0.2808086,0,1,1,1,0,Q2
UNSW_NB15_testing-set.csv:47151,1,Backdoor,1,1.0,1,0.9166666666666666,1,1.6358362822450496,1,0.99994385,1,0.9850084595471601,0.2830508,0,1,1,1,0,Q2
UNSW_NB15_testing-set.csv:47183,1,Backdoor,1,1.0,1,1.0,1,2.1357044281425033,1,0.99999845,1,0.9946001647164334,0.261749,0,1,1,1,0,Q2
UNSW_NB15_testing-set.csv:47222,1,Backdoor,1,1.0,1,0.96,1,2.146327640649419,1,0.9999964,1,0.9931236524441898,0.2808086,0,1,1,1,0,Q2
UNSW_NB15_testing-set.csv:47270,1,Backdoor,1,1.0,1,1.0,1,2.0027377324036264,1,0.99999154,1,0.993833674365215,0.21977957,0,1,1,1,0,Q2
UNSW_NB15_testing-set.csv:47278,1,Backdoor,1,1.0,1,0.9166666666666666,1,1.6358362822450496,1,0.99994385,1,0.9850084595471601,0.2830508,0,1,1,1,0,Q2
UNSW_NB15_testing-set.csv:47346,1,Backdoor,1,1.0,1,0.9933333333333333,1,0.4928428436154406,1,0.99327326,1,0.9712402798238909,0.102346234,0,1,1,1,0,Q2
UNSW_NB15_testing-set.csv:47360,1,Backdoor,1,1.0,1,1.0,1,2.0027377324036264,1,0.99999154,1,0.993833674365215,0.21977957,0,1,1,1,0,Q2
UNSW_NB15_testing-set.csv:47361,1,Backdoor,1,1.0,1,0.9,1,1.634219505291912,1,0.9999397,1,0.9833369664111292,0.2830508,0,1,1,1,0,Q2
UNSW_NB15_testing-set.csv:47406,1,Backdoor,1,1.0,1,0.9433333333333334,1,2.196350251053265,1,0.999998,1,0.9927336861375834,0.24599035,0,1,1,1,0,Q2
UNSW_NB15_testing-set.csv:47410,1,Backdoor,1,1.0,1,0.9,1,1.6318227419991531,1,0.9999764,1,0.9832979033830483,0.28305045,0,1,1,1,0,Q2
UNSW_NB15_testing-set.csv:47458,1,Backdoor,1,1.0,1,0.9433333333333334,1,2.196350251053265,1,0.999998,1,0.9927336861375834,0.24599035,0,1,1,1,0,Q2
UNSW_NB15_testing-set.csv:47550,1,Backdoor,1,1.0,1,1.0,1,2.132960569570379,1,0.9999976,1,0.9945853458803219,0.26559865,0,1,1,1,0,Q2
UNSW_NB15_testing-set.csv:47638,1,Backdoor,1,1.0,1,0.9666666666666667,1,1.5168620084669178,1,0.9991586,1,0.9876602299852141,0.35731056,0,1,1,1,0,Q2
UNSW_NB15_testing-set.csv:47655,1,Backdoor,1,1.0,1,1.0,1,0.9529459499986346,1,0.9944543,1,0.9824443738275893,0.27541658,0,1,1,1,0,Q2
UNSW_NB15_testing-set.csv:47692,1,Backdoor,1,1.0,1,0.9533333333333334,1,0.8113811724030562,1,0.9860263,1,0.9728958245378008,0.27721995,0,1,1,1,0,Q2
UNSW_NB15_testing-set.csv:47750,1,Backdoor,1,1.0,1,0.9233333333333333,1,0.8220043849099716,1,0.9842779,1,0.9676938155987731,0.28512344,0,1,1,1,0,Q2
UNSW_NB15_testing-set.csv:47753,1,Backdoor,1,1.0,1,0.9933333333333333,1,0.6598128934446841,1,0.9704918,1,0.9751964992588686,0.18338098,0,1,1,1,0,Q2
UNSW_NB15_testing-set.csv:47848,1,Backdoor,1,1.0,1,0.9933333333333333,1,0.6598128934446841,1,0.9704918,1,0.9751964992588686,0.18338098,0,1,1,1,0,Q2
UNSW_NB15_testing-set.csv:47872,1,Backdoor,1,1.0,1,0.95,1,0.8147199009227113,1,0.98578507,1,0.9724179516677572,0.27723494,0,1,1,1,0,Q2
UNSW_NB15_testing-set.csv:47920,1,Backdoor,1,1.0,1,0.9666666666666667,1,0.4663440388114468,1,0.9943856,1,0.9652600613130957,0.07597175,0,1,1,1,0,Q2
UNSW_NB15_testing-set.csv:47924,1,Backdoor,1,1.0,1,0.9,1,1.6318227419991531,1,0.9999764,1,0.9832979033830483,0.28305045,0,1,1,1,0,Q2
UNSW_NB15_testing-set.csv:47926,1,Backdoor,1,1.0,1,0.9533333333333334,1,0.8113811724030562,1,0.9860263,1,0.9728958245378008,0.27721995,0,1,1,1,0,Q2
UNSW_NB15_testing-set.csv:47957,1,Backdoor,1,1.0,1,0.9333333333333333,1,1.4221142241645237,1,0.99993074,1,0.9833139162963769,0.29505745,0,1,1,1,0,Q2
UNSW_NB15_testing-set.csv:47977,1,Backdoor,1,1.0,1,0.9233333333333333,1,0.8220043849099716,1,0.9842779,1,0.9676938155987731,0.28512344,0,1,1,1,0,Q2
UNSW_NB15_testing-set.csv:48032,1,Backdoor,1,1.0,1,0.95,1,0.8147199009227113,1,0.98578507,1,0.9724179516677572,0.27723482,0,1,1,1,0,Q2
UNSW_NB15_testing-set.csv:48034,1,Backdoor,1,1.0,1,0.9566666666666667,1,0.44600186293541966,1,0.9840225,1,0.9620766435110131,0.06994449,0,1,1,1,0,Q2
UNSW_NB15_testing-set.csv:48053,1,Backdoor,1,1.0,1,0.7711111111111111,1,0.998895512217616,1,0.99813473,1,0.9321772009969709,0.20980828,0,1,1,1,0,Q2
UNSW_NB15_testing-set.csv:48078,1,Backdoor,1,1.0,1,0.9333333333333333,1,1.4221142241645237,1,0.99993074,1,0.9833139162963769,0.29505745,0,1,1,1,0,Q2
UNSW_NB15_testing-set.csv:48100,1,Backdoor,1,1.0,1,0.92,1,1.8364515880281236,1,0.9999281,1,0.9879638379742433,0.23348664,0,1,1,1,0,Q2
UNSW_NB15_testing-set.csv:48133,1,Backdoor,1,1.0,1,0.9,1,0.5260384998603693,1,0.9140669,1,0.9481609380411995,0.22554347,0,1,1,1,0,Q2
UNSW_NB15_testing-set.csv:48168,1,Backdoor,1,1.0,1,0.93,1,1.4457839438391555,1,0.9997601,1,0.9833547598677843,0.2938974,0,1,1,1,0,Q2
UNSW_NB15_testing-set.csv:48275,1,Backdoor,1,1.0,1,1.0,1,2.132960569570379,1,0.9999976,1,0.9945853458803219,0.26559865,0,1,1,1,0,Q2
UNSW_NB15_testing-set.csv:48277,1,Backdoor,1,1.0,1,0.92,1,1.8364515880281236,1,0.9999281,1,0.9879638379742433,0.23348664,0,1,1,1,0,Q2
UNSW_NB15_testing-set.csv:48300,1,Backdoor,1,1.0,1,0.95,1,1.4143238756501566,1,0.99993575,1,0.9848473916998616,0.28612462,0,1,1,1,0,Q2
UNSW_NB15_testing-set.csv:48398,1,Backdoor,1,1.0,1,1.0,1,2.1284386282634378,1,0.99999666,1,0.9945608373579231,0.23507227,0,1,1,1,0,Q2
UNSW_NB15_testing-set.csv:48425,1,Backdoor,1,1.0,1,0.93,1,1.4457839438391555,1,0.9997601,1,0.9833547598677843,0.2938974,0,1,1,1,0,Q2
UNSW_NB15_testing-set.csv:48440,1,Backdoor,1,1.0,1,1.0,1,1.5234641858166535,1,0.9984963,1,0.990050609135251,0.31687623,0,1,1,1,0,Q2
UNSW_NB15_testing-set.csv:48449,1,Backdoor,1,1.0,1,1.0,1,2.1284386282634378,1,0.99999666,1,0.9945608373579231,0.23507227,0,1,1,1,0,Q2
UNSW_NB15_testing-set.csv:48478,1,Backdoor,1,1.0,1,0.95,1,1.4143238756501566,1,0.99993575,1,0.9848473916998616,0.28612462,0,1,1,1,0,Q2
UNSW_NB15_testing-set.csv:48481,1,Backdoor,1,1.0,1,0.93,1,0.1457843088319063,1,0.5951175,1,0.9239176790101542,0.039807245,0,1,1,1,0,Q2
UNSW_NB15_testing-set.csv:48556,1,Backdoor,1,1.0,1,0.9833333333333333,1,1.7304595811903887,1,0.99991214,1,0.9910157862997384,0.19964537,0,1,1,1,0,Q2
UNSW_NB15_testing-set.csv:48574,1,Backdoor,1,1.0,1,0.95,1,0.5367082941218144,1,0.9663045,1,0.9633910033821287,0.2259691,0,1,1,1,0,Q2
UNSW_NB15_testing-set.csv:48605,1,Backdoor,1,1.0,1,0.9833333333333333,1,1.7304595811903887,1,0.99991214,1,0.9910157862997384,0.19964537,0,1,1,1,0,Q2
UNSW_NB15_testing-set.csv:48676,1,Backdoor,1,1.0,1,1.0,1,1.5234641858166535,1,0.9984963,1,0.990050609135251,0.31687623,0,1,1,1,0,Q2
UNSW_NB15_testing-set.csv:48699,1,Backdoor,1,1.0,1,0.95,1,1.8934276578757328,1,0.9999733,1,0.9905791863831729,0.2515972,0,1,1,1,0,Q2
UNSW_NB15_testing-set.csv:48702,1,Backdoor,1,1.0,1,1.0,1,1.5095775244796574,1,0.9993755,1,0.9899183323784569,0.34273332,0,1,1,1,0,Q2
UNSW_NB15_testing-set.csv:48725,1,Backdoor,1,1.0,1,0.95,1,0.5367082941218144,1,0.9663045,1,0.9633910033821287,0.2259691,0,1,1,1,0,Q2
UNSW_NB15_testing-set.csv:48729,1,Backdoor,1,1.0,1,0.9666666666666667,1,1.5168620084669178,1,0.9991586,1,0.9876602299852141,0.35731056,0,1,1,1,0,Q2
UNSW_NB15_testing-set.csv:48748,1,Backdoor,1,1.0,1,0.95,1,1.8934276578757328,1,0.9999733,1,0.9905791863831729,0.2515972,0,1,1,1,0,Q2
UNSW_NB15_testing-set.csv:48756,1,Backdoor,1,1.0,1,1.0,1,1.5095775244796574,1,0.9993755,1,0.9899183323784569,0.34273332,0,1,1,1,0,Q2
UNSW_NB15_testing-set.csv:48786,1,Backdoor,1,1.0,1,0.9366666666666666,1,0.886631865014714,1,0.99996686,1,0.9723448915938422,9.694032,0,1,1,1,0,Q2
UNSW_NB15_testing-set.csv:48807,1,Backdoor,1,1.0,1,1.0,1,1.8911512616014694,1,0.9999782,1,0.9931076215153514,0.24731657,0,1,1,1,0,Q2
UNSW_NB15_testing-set.csv:48838,1,Backdoor,1,1.0,1,0.9366666666666666,1,0.886631865014714,1,0.99996686,1,0.9723448915938422,9.694032,0,1,1,1,0,Q2
UNSW_NB15_testing-set.csv:48858,1,Backdoor,1,1.0,1,1.0,1,1.8911512616014694,1,0.9999782,1,0.9931076215153514,0.24731657,0,1,1,1,0,Q2
UNSW_NB15_testing-set.csv:48864,1,Backdoor,1,1.0,1,0.97,1,1.1005743953704656,1,0.9973598,1,0.9817375408969976,0.282802,0,1,1,1,0,Q2
UNSW_NB15_testing-set.csv:48896,1,Backdoor,1,1.0,1,0.9666666666666667,1,1.1022437531811011,1,0.9974583,1,0.9813862236248477,0.28294042,0,1,1,1,0,Q2
UNSW_NB15_testing-set.csv:48922,1,Backdoor,1,1.0,1,1.0,1,1.8736405270034895,1,0.9999782,1,0.9929862319567863,0.24214572,0,1,1,1,0,Q2
UNSW_NB15_testing-set.csv:48944,1,Backdoor,1,1.0,1,0.97,1,1.1005743953704656,1,0.9973598,1,0.9817375408969976,0.282802,0,1,1,1,0,Q2
UNSW_NB15_testing-set.csv:48967,1,Backdoor,1,1.0,1,0.95,1,0.5367082941218144,1,0.9663045,1,0.9633910033821287,0.2259691,0,1,1,1,0,Q2
UNSW_NB15_testing-set.csv:48971,1,Backdoor,1,1.0,1,0.9666666666666667,1,1.1022437531811011,1,0.9974583,1,0.9813862236248477,0.28294042,0,1,1,1,0,Q2
UNSW_NB15_testing-set.csv:48972,1,Backdoor,1,1.0,1,1.0,1,1.8664861111216473,1,0.99998665,1,0.9929360673426235,0.23746501,0,1,1,1,0,Q2
UNSW_NB15_testing-set.csv:49019,1,Backdoor,1,1.0,1,0.99,1,0.4334909147824193,1,0.9895013,1,0.9688190804313149,0.07735791,0,1,1,1,0,Q2
UNSW_NB15_testing-set.csv:49021,1,Backdoor,1,1.0,1,0.9666666666666667,1,0.7910777229243457,1,0.9718176,1,0.9742969669184938,0.20424847,0,1,1,1,0,Q2
UNSW_NB15_testing-set.csv:49023,1,Backdoor,1,1.0,1,0.9,1,0.5260384998603693,1,0.9140669,1,0.9481609380411995,0.22554347,0,1,1,1,0,Q2
UNSW_NB15_testing-set.csv:49049,1,Backdoor,1,1.0,1,0.9066666666666666,1,1.5522786467579481,1,0.9998354,1,0.9826682121788793,0.5478609,0,1,1,1,0,Q2
UNSW_NB15_testing-set.csv:49065,1,Backdoor,1,1.0,1,0.95,1,0.5367082941218144,1,0.9663045,1,0.9633910033821287,0.2259691,0,1,1,1,0,Q2
UNSW_NB15_testing-set.csv:49068,1,Backdoor,1,1.0,1,0.9666666666666667,1,0.7910777229243457,1,0.9718176,1,0.9742969669184938,0.20424847,0,1,1,1,0,Q2
UNSW_NB15_testing-set.csv:49078,1,Backdoor,1,1.0,1,0.95,1,0.6568496681811107,1,0.9811147,1,0.9677333082354221,0.2561126,0,1,1,1,0,Q2
UNSW_NB15_testing-set.csv:49105,1,Backdoor,1,1.0,1,0.9266666666666666,1,1.5521264569479516,1,0.999818,1,0.9847002270565366,0.55032897,0,1,1,1,0,Q2
UNSW_NB15_testing-set.csv:49129,1,Backdoor,1,1.0,1,0.95,1,0.6568496681811107,1,0.9811147,1,0.9677333082354221,0.2561126,0,1,1,1,0,Q2
UNSW_NB15_testing-set.csv:49164,1,Backdoor,1,1.0,1,0.9266666666666666,1,1.546814976468079,1,0.9998267,1,0.9846197665787632,0.66432095,0,1,1,1,0,Q2
UNSW_NB15_testing-set.csv:49184,1,Backdoor,1,1.0,1,0.9,1,0.6730374312094116,1,0.9650965,1,0.9564316828410603,0.23848495,0,1,1,1,0,Q2
UNSW_NB15_testing-set.csv:49219,1,Backdoor,1,1.0,1,0.9066666666666666,1,1.5522786467579481,1,0.9998354,1,0.9826682121788793,0.5478609,0,1,1,1,0,Q2
UNSW_NB15_testing-set.csv:49239,1,Backdoor,1,1.0,1,0.9,1,0.6730374312094116,1,0.9650965,1,0.9564316828410603,0.23848495,0,1,1,1,0,Q2
UNSW_NB15_testing-set.csv:49295,1,Backdoor,1,1.0,1,0.9466666666666667,1,0.6642908299656223,1,0.97402304,1,0.967149462711379,0.22952029,0,1,1,1,0,Q2
UNSW_NB15_testing-set.csv:49301,1,Backdoor,1,1.0,1,0.9766666666666667,1,1.4723688059608142,1,0.9989115,1,0.9878851883231546,0.27010316,0,1,1,1,0,Q2
UNSW_NB15_testing-set.csv:49343,1,Backdoor,1,1.0,1,0.95,1,0.6108711136050609,1,0.97462875,1,0.9661153375207451,0.9782578,0,1,1,1,0,Q2
UNSW_NB15_testing-set.csv:49397,1,Backdoor,1,1.0,1,0.95,1,0.6108711136050609,1,0.97462875,1,0.9661153375207451,0.9782578,0,1,1,1,0,Q2
UNSW_NB15_testing-set.csv:49407,1,Backdoor,1,1.0,1,0.9333333333333333,1,1.4838425290755863,1,0.9978398,1,0.9842788028503113,0.2881043,0,1,1,1,0,Q2
UNSW_NB15_testing-set.csv:49451,1,Backdoor,1,1.0,1,1.0,1,1.8736405270034895,1,0.9999782,1,0.9929862319567863,0.24214572,0,1,1,1,0,Q2
UNSW_NB15_testing-set.csv:49502,1,Backdoor,1,1.0,1,1.0,1,1.8664861111216473,1,0.99998665,1,0.9929360673426235,0.23746501,0,1,1,1,0,Q2
UNSW_NB15_testing-set.csv:49508,1,Backdoor,1,1.0,1,0.9333333333333333,1,1.4838425290755863,1,0.9978398,1,0.9842788028503113,0.2881043,0,1,1,1,0,Q2
UNSW_NB15_testing-set.csv:49559,1,Backdoor,1,1.0,1,0.9933333333333333,1,1.542457693294878,1,0.99755776,1,0.9898125694895343,0.21800514,0,1,1,1,0,Q2
UNSW_NB15_testing-set.csv:49562,1,Backdoor,1,1.0,1,1.0,1,2.0655913536494284,1,0.999992,1,0.9942086012042486,0.21056032,0,1,1,1,0,Q2
UNSW_NB15_testing-set.csv:49592,1,Backdoor,1,1.0,1,0.9966666666666667,1,3.691957346410798,1,0.99999726,1,0.9988390107293966,0.23231725,0,1,1,1,0,Q2
UNSW_NB15_testing-set.csv:49625,1,Backdoor,1,1.0,1,1.0,1,2.055648328288778,1,0.9999975,1,0.9941508579589023,0.26217148,0,1,1,1,0,Q2
UNSW_NB15_testing-set.csv:49631,1,Backdoor,1,1.0,1,0.95,1,0.538170401236373,1,0.96629566,1,0.9634425295349248,0.22804055,0,1,1,1,0,Q2
UNSW_NB15_testing-set.csv:49648,1,Backdoor,1,1.0,1,0.9933333333333333,1,1.542457693294878,1,0.99755776,1,0.9898125694895343,0.21800514,0,1,1,1,0,Q2
UNSW_NB15_testing-set.csv:49682,1,Backdoor,1,1.0,1,1.0,1,2.055648328288778,1,0.9999975,1,0.9941508579589023,0.26217148,0,1,1,1,0,Q2
UNSW_NB15_testing-set.csv:49685,1,Backdoor,1,1.0,1,0.9666666666666667,1,0.9398374107158736,1,0.99194795,1,0.9780809360207785,0.22556144,0,1,1,1,0,Q2
UNSW_NB15_testing-set.csv:49696,1,Backdoor,1,1.0,1,0.9766666666666667,1,1.4723688059608142,1,0.9989115,1,0.9878851883231546,0.27010316,0,1,1,1,0,Q2
UNSW_NB15_testing-set.csv:49715,1,Backdoor,1,1.0,1,0.9633333333333334,1,0.8814096066423152,1,0.9946273,1,0.9763452028888082,0.9498363,0,1,1,1,0,Q2
UNSW_NB15_testing-set.csv:49743,1,Backdoor,1,1.0,1,0.9633333333333334,1,0.8814096066423152,1,0.9946273,1,0.9763452028888082,0.9498363,0,1,1,1,0,Q2
UNSW_NB15_testing-set.csv:49760,1,Backdoor,1,1.0,1,0.95,1,0.538170401236373,1,0.96629566,1,0.9634425295349248,0.22804055,0,1,1,1,0,Q2
UNSW_NB15_testing-set.csv:49767,1,Backdoor,1,1.0,1,0.9966666666666667,1,1.8068491194136385,1,0.9999764,1,0.9923443403518302,0.24767257,0,1,1,1,0,Q2
UNSW_NB15_testing-set.csv:49775,1,Backdoor,1,1.0,1,0.9666666666666667,1,0.9398374107158736,1,0.99194795,1,0.9780809360207785,0.22556144,0,1,1,1,0,Q2
UNSW_NB15_testing-set.csv:49784,1,Backdoor,1,1.0,1,1.0,1,2.0655913536494284,1,0.999992,1,0.9942086012042486,0.21056032,0,1,1,1,0,Q2
UNSW_NB15_testing-set.csv:49809,1,Backdoor,1,1.0,1,1.0,1,1.9061747382471343,1,0.99999857,1,0.9932101983015026,0.2513132,0,1,1,1,0,Q2
UNSW_NB15_testing-set.csv:49838,1,Backdoor,1,1.0,1,0.95,1,1.15397835629659,1,0.99542075,1,0.9803500289208092,0.24671008,0,1,1,1,0,Q2
UNSW_NB15_testing-set.csv:49844,1,Backdoor,1,1.0,1,1.0,1,2.2474670267122967,1,0.99999964,1,0.9951705656583117,0.25674745,0,1,1,1,0,Q2
UNSW_NB15_testing-set.csv:49863,1,Backdoor,1,1.0,1,0.9,1,1.463902202443195,1,0.99972135,1,0.980287794992289,0.26052988,0,1,1,1,0,Q2
UNSW_NB15_testing-set.csv:49869,1,Backdoor,1,1.0,1,0.98,1,1.4812978373991383,1,0.9752185,1,0.9880505659135169,0.25563863,0,1,1,1,0,Q2
UNSW_NB15_testing-set.csv:49895,1,Backdoor,1,1.0,1,0.98,1,1.4812978373991383,1,0.9752185,1,0.9880505659135169,0.2556386,0,1,1,1,0,Q2
UNSW_NB15_testing-set.csv:49898,1,Backdoor,1,1.0,1,1.0,1,2.2474670267122967,1,0.99999964,1,0.9951705656583117,0.25674754,0,1,1,1,0,Q2
UNSW_NB15_testing-set.csv:49909,1,Backdoor,1,1.0,1,0.8733333333333333,1,1.4645092409068228,1,0.99970454,1,0.9767507805711113,0.26059434,0,1,1,1,0,Q2
UNSW_NB15_testing-set.csv:49936,1,Backdoor,1,1.0,1,0.9,1,1.480058539527948,1,0.9996599,1,0.9805980186683847,0.23720418,0,1,1,1,0,Q2
UNSW_NB15_testing-set.csv:49984,1,Backdoor,1,1.0,1,0.97,1,1.3588594178818942,1,0.99841607,1,0.9858602100932964,0.2462847,0,1,1,1,0,Q2
UNSW_NB15_testing-set.csv:49998,1,Backdoor,0,0.0,0,0.44,0,-0.01900727884298481,0,0.39798114,0,0.24319391001674331,0.04772251,0,0,0,0,0,Q4
UNSW_NB15_testing-set.csv:50006,1,Backdoor,1,1.0,1,0.9066666666666666,1,1.4771967813665021,1,0.9997507,1,0.9813354403082203,0.22916873,0,1,1,1,0,Q2
UNSW_NB15_testing-set.csv:50011,1,Backdoor,1,1.0,1,0.8166666666666667,1,0.9487198242356301,1,0.99818915,1,0.9458032395894582,0.2098633,0,1,1,1,0,Q2
UNSW_NB15_testing-set.csv:50012,1,Backdoor,1,1.0,1,0.97,1,1.3588594178818942,1,0.99841607,1,0.9858602100932964,0.2462847,0,1,1,1,0,Q2
UNSW_NB15_testing-set.csv:50038,1,Backdoor,1,1.0,1,0.9066666666666666,1,1.4771967813665021,1,0.9997507,1,0.9813354403082203,0.22916873,0,1,1,1,0,Q2
UNSW_NB15_testing-set.csv:50041,1,Backdoor,1,1.0,1,0.9933333333333333,1,2.123910146099062,1,0.99999213,1,0.9943013714972093,0.27802962,0,1,1,1,0,Q2
UNSW_NB15_testing-set.csv:50049,1,Backdoor,1,1.0,1,0.99,1,1.6139431651094178,1,0.99993646,1,0.9903261226768655,0.25188315,0,1,1,1,0,Q2
UNSW_NB15_testing-set.csv:50062,1,Backdoor,1,1.0,1,0.9,1,1.480058539527948,1,0.9996599,1,0.9805980186683847,0.23720418,0,1,1,1,0,Q2
UNSW_NB15_testing-set.csv:50069,1,Backdoor,1,1.0,1,0.9933333333333333,1,2.123910146099062,1,0.99999213,1,0.9943013714972093,0.27802962,0,1,1,1,0,Q2
UNSW_NB15_testing-set.csv:50071,1,Backdoor,1,1.0,1,1.0,1,2.2474670267122967,1,0.99999964,1,0.9951705656583117,0.25674745,0,1,1,1,0,Q2
UNSW_NB15_testing-set.csv:50097,1,Backdoor,1,1.0,1,0.99,1,1.6139431651094178,1,0.99993646,1,0.9903261226768655,0.25188315,0,1,1,1,0,Q2
UNSW_NB15_testing-set.csv:50116,1,Backdoor,1,1.0,1,1.0,1,2.2474670267122967,1,0.99999964,1,0.9951705656583117,0.25674745,0,1,1,1,0,Q2
UNSW_NB15_testing-set.csv:50117,1,Backdoor,1,1.0,1,1.0,1,2.3855324159308253,1,0.9999428,1,0.9957929010663188,0.44792837,0,1,1,1,0,Q2
UNSW_NB15_testing-set.csv:50135,1,Backdoor,1,1.0,1,0.94,1,1.4140397396510607,1,0.99992657,1,0.983865908968225,0.9727924,0,1,1,1,0,Q2
UNSW_NB15_testing-set.csv:50152,1,Backdoor,1,1.0,1,0.99,1,1.6195077156308033,1,0.9999238,1,0.9903794181578673,0.2316843,0,1,1,1,0,Q2
UNSW_NB15_testing-set.csv:50188,1,Backdoor,1,1.0,1,0.94,1,1.4140397396510607,1,0.99992657,1,0.983865908968225,0.9727924,0,1,1,1,0,Q2
UNSW_NB15_testing-set.csv:50234,1,Backdoor,1,1.0,1,0.9866666666666667,1,1.661692894820616,1,0.9998678,1,0.990578958497496,0.201376,0,1,1,1,0,Q2
UNSW_NB15_testing-set.csv:50285,1,Backdoor,1,1.0,1,0.9866666666666667,1,1.661692894820616,1,0.9998678,1,0.990578958497496,0.201376,0,1,1,1,0,Q2
UNSW_NB15_testing-set.csv:50361,1,Backdoor,1,1.0,1,1.0,1,1.9061747382471343,1,0.99999857,1,0.9932101983015026,0.2513132,0,1,1,1,0,Q2
UNSW_NB15_testing-set.csv:50399,1,Backdoor,1,1.0,1,0.89,1,1.2043660911900633,1,0.97345936,1,0.97247089177985,0.19556312,0,1,1,1,0,Q2
UNSW_NB15_testing-set.csv:50402,1,Backdoor,1,1.0,1,0.9933333333333333,1,1.6556372055243338,1,0.9998971,1,0.9909113215095399,0.20524146,0,1,1,1,0,Q2
UNSW_NB15_testing-set.csv:50456,1,Backdoor,1,1.0,1,0.95,1,1.15397835629659,1,0.99542075,1,0.9803500289208092,0.24671008,0,1,1,1,0,Q2
UNSW_NB15_testing-set.csv:50537,1,Backdoor,1,1.0,1,0.93,1,0.9962387852636039,1,0.9780717,1,0.9737287437578044,0.22776698,0,1,1,1,0,Q2
UNSW_NB15_testing-set.csv:50540,1,Backdoor,1,1.0,1,0.9466666666666667,1,0.6642908299656223,1,0.97402304,1,0.967149462711379,0.22952029,0,1,1,1,0,Q2
UNSW_NB15_testing-set.csv:50553,1,Backdoor,1,1.0,1,0.89,1,1.2043660911900633,1,0.97345936,1,0.97247089177985,0.19556312,0,1,1,1,0,Q2
UNSW_NB15_testing-set.csv:50590,1,Backdoor,1,1.0,1,0.93,1,0.9962387852636039,1,0.9780717,1,0.9737287437578044,0.22776698,0,1,1,1,0,Q2
UNSW_NB15_testing-set.csv:50642,1,Backdoor,1,1.0,1,0.92,1,1.7648076798843981,1,0.9999931,1,0.9870783239038416,0.20298465,0,1,1,1,0,Q2
UNSW_NB15_testing-set.csv:50651,1,Backdoor,1,1.0,1,0.91,1,0.6077008692347299,1,0.9496639,1,0.9558998504559229,0.24656656,0,1,1,1,0,Q2
UNSW_NB15_testing-set.csv:50679,1,Backdoor,1,1.0,1,0.7933333333333333,1,0.06232193894386351,1,0.6280242,1,0.8275174323827584,0.05655531,0,1,1,1,0,Q2
UNSW_NB15_testing-set.csv:50697,1,Backdoor,1,1.0,1,0.9066666666666666,1,1.5522786467579481,1,0.9998354,1,0.9826682121788793,0.5478609,0,1,1,1,0,Q2
UNSW_NB15_testing-set.csv:50707,1,Backdoor,1,1.0,1,0.9066666666666666,1,0.6071950047076236,1,0.95024425,1,0.9549946055695856,0.24605362,0,1,1,1,0,Q2
UNSW_NB15_testing-set.csv:50718,1,Backdoor,1,1.0,1,0.92,1,1.7648076798843981,1,0.9999931,1,0.9870783239038416,0.20298465,0,1,1,1,0,Q2
UNSW_NB15_testing-set.csv:50726,1,Backdoor,1,1.0,1,0.9066666666666666,1,1.5522786467579481,1,0.9998354,1,0.9826682121788793,0.5478609,0,1,1,1,0,Q2
UNSW_NB15_testing-set.csv:50778,1,Backdoor,1,1.0,1,1.0,1,1.9109441304362262,1,0.9999944,1,0.993242395566893,0.22775622,0,1,1,1,0,Q2
UNSW_NB15_testing-set.csv:50804,1,Backdoor,1,1.0,1,0.91,1,0.6077008692347299,1,0.9496639,1,0.9558998504559229,0.24656656,0,1,1,1,0,Q2
UNSW_NB15_testing-set.csv:50809,1,Backdoor,1,1.0,1,1.0,1,1.9109441304362262,1,0.9999944,1,0.993242395566893,0.22775622,0,1,1,1,0,Q2
UNSW_NB15_testing-set.csv:50850,1,Backdoor,0,0.0,1,0.7166666666666667,1,0.13784007097994266,1,0.5234799,1,0.7034983438976403,0.082844995,0,1,1,1,0,Q2
UNSW_NB15_testing-set.csv:50855,1,Backdoor,1,1.0,1,0.9066666666666666,1,0.6071950047076236,1,0.95024425,1,0.9549946055695856,0.24605367,0,1,1,1,0,Q2
UNSW_NB15_testing-set.csv:50868,1,Backdoor,1,1.0,1,0.9066666666666666,1,1.4741369015352535,1,0.999637,1,0.9812776579772549,0.24130231,0,1,1,1,0,Q2
UNSW_NB15_testing-set.csv:50925,1,Backdoor,1,1.0,1,0.9066666666666666,1,1.4741369015352535,1,0.999637,1,0.9812776579772549,0.24130236,0,1,1,1,0,Q2
UNSW_NB15_testing-set.csv:50931,1,Backdoor,1,1.0,1,0.9966666666666667,1,1.7994328708209546,1,0.9999511,1,0.9922874321854461,0.20394017,0,1,1,1,0,Q2
UNSW_NB15_testing-set.csv:50947,1,Backdoor,1,1.0,1,0.99,1,1.6195077156308033,1,0.9999238,1,0.9903794181578673,0.2316843,0,1,1,1,0,Q2
UNSW_NB15_testing-set.csv:50952,1,Backdoor,1,1.0,1,0.92,1,0.6292729645721149,1,0.9641636,1,0.9597373468755057,0.22211868,0,1,1,1,0,Q2
UNSW_NB15_testing-set.csv:50981,1,Backdoor,1,1.0,1,0.9933333333333333,1,1.647290369007741,1,0.999944,1,0.9908358269447421,0.2017181,0,1,1,1,0,Q2
UNSW_NB15_testing-set.csv:51049,1,Backdoor,1,1.0,1,1.0,1,1.7418484213866898,1,0.99996364,1,0.9920018140000452,0.287935,0,1,1,1,0,Q2
UNSW_NB15_testing-set.csv:51068,1,Backdoor,1,1.0,1,0.9933333333333333,1,1.647290369007741,1,0.999944,1,0.9908358269447421,0.2017181,0,1,1,1,0,Q2
UNSW_NB15_testing-set.csv:51106,1,Backdoor,1,1.0,1,0.9966666666666667,1,1.8068491194136385,1,0.9999764,1,0.9923443403518302,0.24767257,0,1,1,1,0,Q2
UNSW_NB15_testing-set.csv:51109,1,Backdoor,1,1.0,1,0.9466666666666667,1,0.8102158925322991,1,0.9873033,1,0.9717493468301454,0.23053558,0,1,1,1,0,Q2
UNSW_NB15_testing-set.csv:51120,1,Backdoor,1,1.0,1,0.9966666666666667,1,1.8024627980699626,1,0.999979,1,0.9923108244092905,0.2531497,0,1,1,1,0,Q2
UNSW_NB15_testing-set.csv:51140,1,Backdoor,1,1.0,1,0.9933333333333333,1,0.7995926800253836,1,0.9904034,1,0.9786603348555276,0.22287987,0,1,1,1,0,Q2
UNSW_NB15_testing-set.csv:51161,1,Backdoor,1,1.0,1,0.9533333333333334,1,1.8230368824419394,1,0.99994516,1,0.990105488705932,0.24034227,0,1,1,1,0,Q2
UNSW_NB15_testing-set.csv:51185,1,Backdoor,1,1.0,1,1.0,1,1.750195237619342,1,0.99995244,1,0.9920679717674862,0.29893532,0,1,1,1,0,Q2
UNSW_NB15_testing-set.csv:51202,1,Backdoor,1,1.0,1,0.9466666666666667,1,0.8102158925322991,1,0.9873033,1,0.9717493468301454,0.23053558,0,1,1,1,0,Q2
UNSW_NB15_testing-set.csv:51260,1,Backdoor,1,1.0,1,0.9533333333333334,1,1.8230368824419394,1,0.99994516,1,0.990105488705932,0.24034227,0,1,1,1,0,Q2
UNSW_NB15_testing-set.csv:51309,1,Backdoor,1,1.0,1,0.9933333333333333,1,0.7995926800253836,1,0.9904034,1,0.9786603348555276,0.22287987,0,1,1,1,0,Q2
UNSW_NB15_testing-set.csv:51315,1,Backdoor,1,1.0,1,0.99,1,1.6587686805914983,1,0.99987423,1,0.9907475204211659,0.20609063,0,1,1,1,0,Q2
UNSW_NB15_testing-set.csv:51383,1,Backdoor,1,1.0,1,1.0,1,1.7418484213866898,1,0.99996364,1,0.9920018140000452,0.287935,0,1,1,1,0,Q2
UNSW_NB15_testing-set.csv:51412,1,Backdoor,1,1.0,1,0.99,1,1.6587686805914983,1,0.99987423,1,0.9907475204211659,0.20609063,0,1,1,1,0,Q2
UNSW_NB15_testing-set.csv:51445,1,Backdoor,1,1.0,1,0.9933333333333333,1,0.7954902315475718,1,0.99150014,1,0.9785898692354266,0.23947467,0,1,1,1,0,Q2
UNSW_NB15_testing-set.csv:51477,1,Backdoor,1,1.0,1,1.0,1,1.750195237619342,1,0.99995244,1,0.9920679717674862,0.29893532,0,1,1,1,0,Q2
UNSW_NB15_testing-set.csv:51509,1,Backdoor,1,1.0,1,1.0,1,1.9350399098938358,1,0.99998796,1,0.9934028233593928,0.24374418,0,1,1,1,0,Q2
UNSW_NB15_testing-set.csv:51542,1,Backdoor,1,1.0,1,0.9466666666666667,1,0.8116779945758723,1,0.98658025,1,0.9717760549071488,0.22737218,0,1,1,1,0,Q2
UNSW_NB15_testing-set.csv:51558,1,Backdoor,1,1.0,1,1.0,1,1.9239108119512986,1,0.9999925,1,0.9933292094112979,0.2619957,0,1,1,1,0,Q2
UNSW_NB15_testing-set.csv:51609,1,Backdoor,1,1.0,1,0.9933333333333333,1,0.7954902315475718,1,0.99150014,1,0.9785898692354266,0.23947467,0,1,1,1,0,Q2
UNSW_NB15_testing-set.csv:51611,1,Backdoor,1,1.0,1,1.0,1,1.9350399098938358,1,0.99998796,1,0.9934028233593928,0.24374418,0,1,1,1,0,Q2
UNSW_NB15_testing-set.csv:51748,1,Backdoor,1,1.0,1,0.9466666666666667,1,0.8116779945758723,1,0.98658025,1,0.9717760549071488,0.22737218,0,1,1,1,0,Q2
UNSW_NB15_testing-set.csv:51816,1,Backdoor,1,1.0,1,0.9933333333333333,1,1.2793162415185222,1,0.999997,1,0.9867945336328804,9.260647,0,1,1,1,0,Q2
UNSW_NB15_testing-set.csv:51826,1,Backdoor,1,1.0,1,0.9566666666666667,1,1.7524716338936053,1,0.99994135,1,0.9896065919216439,0.3001747,0,1,1,1,0,Q2
UNSW_NB15_testing-set.csv:51878,1,Backdoor,1,1.0,1,1.0,1,0.953360459218187,1,0.9952779,1,0.982461260911338,0.27468154,0,1,1,1,0,Q2
UNSW_NB15_testing-set.csv:51953,1,Backdoor,1,1.0,1,0.9566666666666667,1,1.7524716338936053,1,0.99994135,1,0.9896065919216439,0.3001747,0,1,1,1,0,Q2
UNSW_NB15_testing-set.csv:51967,1,Backdoor,1,1.0,1,0.98,1,1.7335037040946764,1,0.9999578,1,0.9908534806956916,0.27247113,0,1,1,1,0,Q2
UNSW_NB15_testing-set.csv:52001,1,Backdoor,1,1.0,1,0.9866666666666667,1,1.2285391205357508,1,0.9999982,1,0.9855219703970354,9.547447,0,1,1,1,0,Q2
UNSW_NB15_testing-set.csv:52012,1,Backdoor,1,1.0,1,0.8866666666666667,1,1.3867469127503242,1,0.9992405,1,0.9768918570806331,0.1961423,0,1,1,1,0,Q2
UNSW_NB15_testing-set.csv:52035,1,Backdoor,1,1.0,1,1.0,1,0.9444571801771464,1,0.9944959,1,0.9822972650818369,0.2902708,0,1,1,1,0,Q2
UNSW_NB15_testing-set.csv:52062,1,Backdoor,1,1.0,1,0.98,1,1.7335037040946764,1,0.9999578,1,0.9908534806956916,0.27247113,0,1,1,1,0,Q2
UNSW_NB15_testing-set.csv:52087,1,Backdoor,1,1.0,1,0.9866666666666667,1,1.2285391205357508,1,0.9999982,1,0.9855219703970354,9.547447,0,1,1,1,0,Q2
UNSW_NB15_testing-set.csv:52089,1,Backdoor,1,1.0,1,1.0,1,0.9444571801771464,1,0.9944959,1,0.9822972650818369,0.2902708,0,1,1,1,0,Q2
UNSW_NB15_testing-set.csv:52112,1,Backdoor,1,1.0,1,1.0,1,0.953360459218187,1,0.9952779,1,0.982461260911338,0.27468154,0,1,1,1,0,Q2
UNSW_NB15_testing-set.csv:52140,1,Backdoor,1,1.0,1,1.0,1,1.7618350998207595,1,0.9999993,1,0.992159657591042,0.1949879,0,1,1,1,0,Q2
UNSW_NB15_testing-set.csv:52203,1,Backdoor,1,1.0,1,0.9933333333333333,1,0.06392047263787737,1,0.9714425,1,0.955808201669215,0.098561384,0,1,1,1,0,Q2
UNSW_NB15_testing-set.csv:52213,1,Backdoor,1,1.0,1,1.0,1,1.7618350998207595,1,0.9999993,1,0.992159657591042,0.19498786,0,1,1,1,0,Q2
UNSW_NB15_testing-set.csv:52225,1,Backdoor,1,1.0,1,0.94,1,1.7434360737940786,1,0.999915,1,0.9883561728189629,0.22774188,0,1,1,1,0,Q2
UNSW_NB15_testing-set.csv:52267,1,Backdoor,1,1.0,1,0.9933333333333333,1,1.2793162415185222,1,0.999997,1,0.9867945336328804,9.260647,0,1,1,1,0,Q2
UNSW_NB15_testing-set.csv:52294,1,Backdoor,1,1.0,1,0.9966666666666667,1,1.8080273485913485,1,0.9999757,1,0.9923533184353667,0.23408745,0,1,1,1,0,Q2
UNSW_NB15_testing-set.csv:52323,1,Backdoor,1,1.0,1,0.9866666666666667,1,1.2996548862395123,1,0.9991621,1,0.9864986010779314,0.3384618,0,1,1,1,0,Q2
UNSW_NB15_testing-set.csv:52366,1,Backdoor,1,1.0,1,0.9966666666666667,1,1.8024627980699626,1,0.999979,1,0.9923108244092905,0.2531497,0,1,1,1,0,Q2
UNSW_NB15_testing-set.csv:52375,1,Backdoor,1,1.0,1,0.9866666666666667,1,2.0503618050750267,1,0.9999994,1,0.9936039902537468,0.3439786,0,1,1,1,0,Q2
UNSW_NB15_testing-set.csv:52450,1,Backdoor,1,1.0,1,0.9966666666666667,1,1.8080273485913485,1,0.9999757,1,0.9923533184353667,0.23408745,0,1,1,1,0,Q2
UNSW_NB15_testing-set.csv:52451,1,Backdoor,1,1.0,1,0.94,1,1.7434360737940786,1,0.999915,1,0.9883561728189629,0.22774188,0,1,1,1,0,Q2
UNSW_NB15_testing-set.csv:52453,1,Backdoor,1,1.0,1,0.9433333333333334,1,1.3047135513252766,1,0.9991254,1,0.9823878540425858,0.34847918,0,1,1,1,0,Q2
UNSW_NB15_testing-set.csv:52531,1,Backdoor,1,1.0,1,0.9866666666666667,1,2.0503618050750267,1,0.9999994,1,0.9936039902537468,0.3439786,0,1,1,1,0,Q2
UNSW_NB15_testing-set.csv:52559,1,Backdoor,1,1.0,1,1.0,1,1.9239108119512986,1,0.9999925,1,0.9933292094112979,0.2619957,0,1,1,1,0,Q2
UNSW_NB15_testing-set.csv:52584,1,Backdoor,1,1.0,1,0.9433333333333334,1,1.3047135513252766,1,0.9991254,1,0.9823878540425858,0.34847918,0,1,1,1,0,Q2
UNSW_NB15_testing-set.csv:52587,1,Backdoor,1,1.0,1,0.9933333333333333,1,0.9629621544678333,1,0.9951284,1,0.981887514907196,0.28583366,0,1,1,1,0,Q2
UNSW_NB15_testing-set.csv:52639,1,Backdoor,1,1.0,1,1.0,1,1.8022293186329545,1,0.9999546,1,0.9924686974006399,0.18985735,0,1,1,1,0,Q2
UNSW_NB15_testing-set.csv:52661,1,Backdoor,1,1.0,1,0.9833333333333333,1,1.652850879735232,1,0.99994934,1,0.9902950455223538,0.20294797,0,1,1,1,0,Q2
UNSW_NB15_testing-set.csv:52689,1,Backdoor,1,1.0,1,0.9933333333333333,1,0.7952063586817077,1,0.99037206,1,0.9785677176779666,0.24126716,0,1,1,1,0,Q2
UNSW_NB15_testing-set.csv:52693,1,Backdoor,1,1.0,1,1.0,1,1.8022293186329545,1,0.9999546,1,0.9924686974006399,0.18985735,0,1,1,1,0,Q2
UNSW_NB15_testing-set.csv:52739,1,Backdoor,1,1.0,1,0.86,1,0.3878834876086851,1,0.78741187,1,0.9188747956079548,0.06290834,0,1,1,1,0,Q2
UNSW_NB15_testing-set.csv:52776,1,Backdoor,1,1.0,1,0.9933333333333333,1,0.7952063586817077,1,0.99037206,1,0.9785677176779666,0.24126716,0,1,1,1,0,Q2
UNSW_NB15_testing-set.csv:52794,1,Backdoor,1,1.0,1,1.0,1,1.763814735261026,1,0.9999852,1,0.9921750289646538,0.2993528,0,1,1,1,0,Q2
UNSW_NB15_testing-set.csv:52808,1,Backdoor,1,1.0,1,0.9833333333333333,1,1.652850879735232,1,0.99994934,1,0.9902950455223538,0.20294797,0,1,1,1,0,Q2
UNSW_NB15_testing-set.csv:52832,1,Backdoor,1,1.0,1,0.9833333333333333,1,1.6631550019351746,1,0.9998634,1,0.9903934118449311,0.20065045,0,1,1,1,0,Q2
UNSW_NB15_testing-set.csv:52858,1,Backdoor,1,1.0,1,0.9833333333333333,1,1.6631550019351746,1,0.9998634,1,0.9903934118449311,0.20065045,0,1,1,1,0,Q2
UNSW_NB15_testing-set.csv:52872,1,Backdoor,1,1.0,1,0.9833333333333333,1,1.3211793240397491,1,0.9999776,1,0.9865120870838842,9.119923,0,1,1,1,0,Q2
UNSW_NB15_testing-set.csv:52884,1,Backdoor,1,1.0,1,0.9933333333333333,1,1.6564775310566164,1,0.99993134,1,0.9909191274148476,0.1919506,0,1,1,1,0,Q2
UNSW_NB15_testing-set.csv:52911,1,Backdoor,1,1.0,1,0.9933333333333333,1,1.6564775310566164,1,0.99993134,1,0.9909191274148476,0.1919506,0,1,1,1,0,Q2
UNSW_NB15_testing-set.csv:52914,1,Backdoor,1,1.0,1,0.9833333333333333,1,1.7420870995977646,1,0.99992526,1,0.9911192131815775,0.22210531,0,1,1,1,0,Q2
UNSW_NB15_testing-set.csv:52937,1,Backdoor,1,1.0,1,0.9933333333333333,1,0.9486043643486868,1,0.99098235,1,0.9815781376339041,0.22891915,0,1,1,1,0,Q2
UNSW_NB15_testing-set.csv:52942,1,Backdoor,1,1.0,1,0.9833333333333333,1,1.3211793240397491,1,0.9999776,1,0.9865120870838842,9.119923,0,1,1,1,0,Q2
UNSW_NB15_testing-set.csv:52943,1,Backdoor,1,1.0,1,0.94,1,1.9958986204021818,1,0.9999888,1,0.9909400844897271,0.21866918,0,1,1,1,0,Q2
UNSW_NB15_testing-set.csv:52953,1,Backdoor,1,1.0,1,1.0,1,1.763814735261026,1,0.9999852,1,0.9921750289646538,0.2993528,0,1,1,1,0,Q2
UNSW_NB15_testing-set.csv:52987,1,Backdoor,1,1.0,1,0.9933333333333333,1,0.9486043643486868,1,0.99098235,1,0.9815781376339041,0.22891915,0,1,1,1,0,Q2
UNSW_NB15_testing-set.csv:53001,1,Backdoor,1,1.0,1,0.9233333333333333,1,1.6593757241261116,1,0.99986553,1,0.9859510098039421,0.20820315,0,1,1,1,0,Q2
UNSW_NB15_testing-set.csv:53040,1,Backdoor,1,1.0,1,0.9933333333333333,1,0.9486043643486868,1,0.99098235,1,0.9815781376339041,0.22891915,0,1,1,1,0,Q2
UNSW_NB15_testing-set.csv:53055,1,Backdoor,1,1.0,1,0.94,1,1.9958986204021818,1,0.9999888,1,0.9909400844897271,0.21866918,0,1,1,1,0,Q2
UNSW_NB15_testing-set.csv:53080,1,Backdoor,1,1.0,1,1.0,1,1.7905870490250544,1,0.99995744,1,0.992380836625947,0.19663772,0,1,1,1,0,Q2
UNSW_NB15_testing-set.csv:53105,1,Backdoor,1,1.0,1,1.0,1,1.995354017722285,1,0.9999918,1,0.9937880772164343,0.20094807,0,1,1,1,0,Q2
UNSW_NB15_testing-set.csv:53143,1,Backdoor,1,1.0,1,0.9233333333333333,1,1.6593757241261116,1,0.99986553,1,0.9859510098039421,0.20820315,0,1,1,1,0,Q2
UNSW_NB15_testing-set.csv:53145,1,Backdoor,1,1.0,1,0.9933333333333333,1,0.7952063586817077,1,0.99037206,1,0.9785677176779666,0.24126716,0,1,1,1,0,Q2
UNSW_NB15_testing-set.csv:53158,1,Backdoor,1,1.0,1,1.0,1,1.995354017722285,1,0.9999918,1,0.9937880772164343,0.20094807,0,1,1,1,0,Q2
UNSW_NB15_testing-set.csv:53194,1,Backdoor,1,1.0,1,0.9966666666666667,1,1.8195681061008073,1,0.9999597,1,0.9924406622434891,0.23166591,0,1,1,1,0,Q2
UNSW_NB15_testing-set.csv:53219,1,Backdoor,1,1.0,1,1.0,1,1.7905870490250544,1,0.99995744,1,0.992380836625947,0.1966377,0,1,1,1,0,Q2
UNSW_NB15_testing-set.csv:53233,1,Backdoor,1,1.0,1,0.9933333333333333,1,0.9486043643486868,1,0.99098235,1,0.9815781376339041,0.22891915,0,1,1,1,0,Q2
UNSW_NB15_testing-set.csv:53253,1,Backdoor,1,1.0,1,0.9933333333333333,1,0.7952063586817077,1,0.99037206,1,0.9785677176779666,0.24126716,0,1,1,1,0,Q2
UNSW_NB15_testing-set.csv:53307,1,Backdoor,1,1.0,1,0.9866666666666667,1,0.8096088642106416,1,0.988204,1,0.977943775602781,0.23039426,0,1,1,1,0,Q2
UNSW_NB15_testing-set.csv:53320,1,Backdoor,1,1.0,1,0.9966666666666667,1,1.8207605064516172,1,0.9999553,1,0.9924496158993424,0.23561528,0,1,1,1,0,Q2
UNSW_NB15_testing-set.csv:53354,1,Backdoor,1,1.0,1,0.9933333333333333,1,0.8051572375885057,1,0.98924327,1,0.9787602092947919,0.21885401,0,1,1,1,0,Q2
UNSW_NB15_testing-set.csv:53412,1,Backdoor,1,1.0,1,0.9866666666666667,1,0.8096088642106416,1,0.988204,1,0.977943775602781,0.23039426,0,1,1,1,0,Q2
UNSW_NB15_testing-set.csv:53416,1,Backdoor,1,1.0,1,0.9966666666666667,1,1.8195681061008073,1,0.9999597,1,0.9924406622434891,0.23166591,0,1,1,1,0,Q2
UNSW_NB15_testing-set.csv:53466,1,Backdoor,1,1.0,1,0.9933333333333333,1,0.8051572375885057,1,0.98924327,1,0.9787602092947919,0.21885401,0,1,1,1,0,Q2
UNSW_NB15_testing-set.csv:53479,1,Backdoor,1,1.0,1,0.9866666666666667,1,1.2996548862395123,1,0.9991621,1,0.9864986010779314,0.3384618,0,1,1,1,0,Q2
UNSW_NB15_testing-set.csv:53482,1,Backdoor,1,1.0,1,0.9533333333333334,1,1.894962933956869,1,0.9999802,1,0.9907887000207012,0.2809826,0,1,1,1,0,Q2
UNSW_NB15_testing-set.csv:53520,1,Backdoor,1,1.0,1,0.9933333333333333,1,0.8512193286419496,1,0.98511016,1,0.9796443290003164,0.18919028,0,1,1,1,0,Q2
UNSW_NB15_testing-set.csv:53556,1,Backdoor,1,1.0,1,0.95,1,0.618649752065199,1,0.9703085,1,0.966273894379053,0.22121008,0,1,1,1,0,Q2
UNSW_NB15_testing-set.csv:53576,1,Backdoor,1,1.0,1,0.9933333333333333,1,0.8512193286419496,1,0.98511016,1,0.9796443290003164,0.18919028,0,1,1,1,0,Q2
UNSW_NB15_testing-set.csv:53609,1,Backdoor,1,1.0,1,0.92,1,0.6292729645721149,1,0.9641636,1,0.9597373468755057,0.22211868,0,1,1,1,0,Q2
UNSW_NB15_testing-set.csv:53612,1,Backdoor,1,1.0,1,0.9966666666666667,1,1.8207605064516172,1,0.9999553,1,0.9924496158993424,0.23561528,0,1,1,1,0,Q2
UNSW_NB15_testing-set.csv:53666,1,Backdoor,1,1.0,1,0.95,1,0.618649752065199,1,0.9703085,1,0.966273894379053,0.22121008,0,1,1,1,0,Q2
UNSW_NB15_testing-set.csv:53670,1,Backdoor,1,1.0,1,0.99,1,0.8597734259965897,1,0.97299665,1,0.9792242831184705,0.20227996,0,1,1,1,0,Q2
UNSW_NB15_testing-set.csv:53731,1,Backdoor,1,1.0,1,0.91,1,1.3670189986004213,1,0.9997203,1,0.9796238257985426,0.25341153,0,1,1,1,0,Q2
UNSW_NB15_testing-set.csv:53752,1,Backdoor,1,1.0,1,1.0,1,1.8899042688711052,1,0.99998736,1,0.9930990894571169,0.264967,0,1,1,1,0,Q2
UNSW_NB15_testing-set.csv:53755,1,Backdoor,1,1.0,1,0.9333333333333333,1,1.6822428404092735,1,0.9999174,1,0.9870996676418905,0.30309477,0,1,1,1,0,Q2
UNSW_NB15_testing-set.csv:53789,1,Backdoor,1,1.0,1,0.9066666666666666,1,1.3645268268476687,1,0.99923885,1,0.9791394662672146,0.25297365,0,1,1,1,0,Q2
UNSW_NB15_testing-set.csv:53801,1,Backdoor,1,1.0,1,0.93,1,1.656707124935984,1,0.99984765,1,0.9864893750602373,0.18403009,0,1,1,1,0,Q2
UNSW_NB15_testing-set.csv:53855,1,Backdoor,1,1.0,1,0.9333333333333333,1,1.3848037663550437,1,0.9997508,1,0.9826859264684286,0.24013376,0,1,1,1,0,Q2
UNSW_NB15_testing-set.csv:53859,1,Backdoor,1,1.0,1,0.9733333333333334,1,1.671619627902358,1,0.9999472,1,0.98985664938224,0.2911542,0,1,1,1,0,Q2
UNSW_NB15_testing-set.csv:53887,1,Backdoor,1,1.0,1,0.91,1,1.3670189986004213,1,0.9997203,1,0.9796238257985426,0.25341153,0,1,1,1,0,Q2
UNSW_NB15_testing-set.csv:53910,1,Backdoor,1,1.0,1,0.9166666666666666,1,1.4003844909197163,1,0.99938166,1,0.981079023020643,0.22651835,0,1,1,1,0,Q2
UNSW_NB15_testing-set.csv:53941,1,Backdoor,1,1.0,1,0.9066666666666666,1,1.3645268268476687,1,0.99923885,1,0.9791394662672146,0.25297365,0,1,1,1,0,Q2
UNSW_NB15_testing-set.csv:53958,1,Backdoor,1,1.0,1,0.97,1,1.6787740437842007,1,0.99993837,1,0.9897153318706269,0.30077863,0,1,1,1,0,Q2
UNSW_NB15_testing-set.csv:53991,1,Backdoor,1,1.0,1,0.9966666666666667,1,1.964655692559042,1,0.9999844,1,0.9934587938741944,0.26166213,0,1,1,1,0,Q2
UNSW_NB15_testing-set.csv:54009,1,Backdoor,1,1.0,1,0.9733333333333334,1,1.671619627902358,1,0.9999472,1,0.98985664938224,0.2911542,0,1,1,1,0,Q2
UNSW_NB15_testing-set.csv:54011,1,Backdoor,1,1.0,1,0.9333333333333333,1,1.3848037663550437,1,0.9997508,1,0.9826859264684286,0.24013376,0,1,1,1,0,Q2
UNSW_NB15_testing-set.csv:54047,1,Backdoor,1,1.0,1,1.0,1,1.9579782470354095,1,0.99999094,1,0.9935520679545498,0.24439913,0,1,1,1,0,Q2
UNSW_NB15_testing-set.csv:54061,1,Backdoor,1,1.0,1,0.9333333333333333,1,1.6822428404092735,1,0.9999174,1,0.9870996676418905,0.30309477,0,1,1,1,0,Q2
UNSW_NB15_testing-set.csv:54103,1,Backdoor,1,1.0,1,0.9966666666666667,1,1.964655692559042,1,0.9999844,1,0.9934587938741944,0.26166213,0,1,1,1,0,Q2
UNSW_NB15_testing-set.csv:54112,1,Backdoor,1,1.0,1,0.9,1,1.463902202443195,1,0.99972135,1,0.980287794992289,0.26052988,0,1,1,1,0,Q2
UNSW_NB15_testing-set.csv:54117,1,Backdoor,1,1.0,1,0.97,1,1.6787740437842007,1,0.99993837,1,0.9897153318706269,0.30077863,0,1,1,1,0,Q2
UNSW_NB15_testing-set.csv:54156,1,Backdoor,1,1.0,1,1.0,1,1.9579782470354095,1,0.99999094,1,0.9935520679545498,0.24439913,0,1,1,1,0,Q2
UNSW_NB15_testing-set.csv:54169,1,Backdoor,1,1.0,1,0.9633333333333334,1,1.3865425193059022,1,0.9998242,1,0.9856700210093311,0.31011748,0,1,1,1,0,Q2
UNSW_NB15_testing-set.csv:54220,1,Backdoor,1,1.0,1,0.9633333333333334,1,1.3865425193059022,1,0.9998242,1,0.9856700210093311,0.31011748,0,1,1,1,0,Q2
UNSW_NB15_testing-set.csv:54236,1,Backdoor,1,1.0,1,0.8733333333333333,1,1.4645092409068228,1,0.99970454,1,0.9767507805711113,0.26059434,0,1,1,1,0,Q2
UNSW_NB15_testing-set.csv:54271,1,Backdoor,1,1.0,1,0.9666666666666667,1,1.3917326369960894,1,0.99937904,1,0.9860335182853258,0.20792523,0,1,1,1,0,Q2
UNSW_NB15_testing-set.csv:54277,1,Backdoor,1,1.0,1,1.0,1,1.7805084037011392,1,0.999977,1,0.992304044364511,0.20369425,0,1,1,1,0,Q2
UNSW_NB15_testing-set.csv:54330,1,Backdoor,1,1.0,1,1.0,1,1.7805084037011392,1,0.999977,1,0.992304044364511,0.20369428,0,1,1,1,0,Q2
UNSW_NB15_testing-set.csv:54365,1,Backdoor,1,1.0,1,0.9666666666666667,1,1.3917326369960894,1,0.99937904,1,0.9860335182853258,0.20792525,0,1,1,1,0,Q2
UNSW_NB15_testing-set.csv:54422,1,Backdoor,1,1.0,1,0.9633333333333334,1,1.3456095641261285,1,0.9998785,1,0.9850783440217796,0.9195289,0,1,1,1,0,Q2
UNSW_NB15_testing-set.csv:54426,1,Backdoor,1,1.0,1,0.99,1,1.8708926904418754,1,0.99997175,1,0.9925095748987498,0.2841356,0,1,1,1,0,Q2
UNSW_NB15_testing-set.csv:54467,1,Backdoor,1,1.0,1,0.9,1,1.4063137644739498,1,0.9991418,1,0.9791308222662299,0.20346344,0,1,1,1,0,Q2
UNSW_NB15_testing-set.csv:54473,1,Backdoor,1,1.0,1,0.99,1,1.8708926904418754,1,0.99997175,1,0.9925095748987498,0.2841356,0,1,1,1,0,Q2
UNSW_NB15_testing-set.csv:54536,1,Backdoor,1,1.0,1,0.9966666666666667,1,0.09063338843007573,0,0.16374794,1,0.9288693730387707,0.16211054,0,1,1,1,0,Q2
UNSW_NB15_testing-set.csv:54558,1,Backdoor,1,1.0,1,0.99,1,0.7758517570389176,1,0.9881676,1,0.9776668198071842,0.2812867,0,1,1,1,0,Q2
UNSW_NB15_testing-set.csv:54562,1,Backdoor,1,1.0,1,0.9866666666666667,1,1.8650366098675575,1,0.9999969,1,0.9923060168519827,0.90790445,0,1,1,1,0,Q2
UNSW_NB15_testing-set.csv:54569,1,Backdoor,1,1.0,1,0.9466666666666667,1,0.5936475374037085,1,0.96692824,1,0.9646546827582538,0.24029645,0,1,1,1,0,Q2
UNSW_NB15_testing-set.csv:54620,1,Backdoor,1,1.0,1,0.9466666666666667,1,0.5969862659233636,1,0.9632356,1,0.9646828358082933,0.23499726,0,1,1,1,0,Q2
UNSW_NB15_testing-set.csv:54654,1,Backdoor,1,1.0,1,0.99,1,0.7758517570389176,1,0.9881676,1,0.9776668198071842,0.2812867,0,1,1,1,0,Q2
UNSW_NB15_testing-set.csv:54660,1,Backdoor,1,1.0,1,0.9333333333333333,1,1.9257408102153788,1,0.99997866,1,0.9898696371123201,0.21869896,0,1,1,1,0,Q2
UNSW_NB15_testing-set.csv:54673,1,Backdoor,1,1.0,1,0.9466666666666667,1,0.5936475374037085,1,0.96692824,1,0.9646546827582538,0.24029645,0,1,1,1,0,Q2
UNSW_NB15_testing-set.csv:54727,1,Backdoor,1,1.0,1,0.9466666666666667,1,0.5969862659233636,1,0.9632356,1,0.9646828358082933,0.23499726,0,1,1,1,0,Q2
UNSW_NB15_testing-set.csv:54751,1,Backdoor,1,1.0,1,0.9966666666666667,1,0.798110003326093,1,0.97560126,1,0.9788586841564563,0.18049596,0,1,1,1,0,Q2
UNSW_NB15_testing-set.csv:54798,1,Backdoor,1,1.0,1,0.9933333333333333,1,1.938365909820342,1,0.99997556,1,0.9931423813772747,0.21295923,0,1,1,1,0,Q2
UNSW_NB15_testing-set.csv:54802,1,Backdoor,1,1.0,1,0.9833333333333333,1,0.8025616299482294,1,0.95618093,1,0.9768359907761609,0.18961464,0,1,1,1,0,Q2
UNSW_NB15_testing-set.csv:54827,1,Backdoor,1,1.0,1,0.9433333333333334,1,0.6771865332541513,1,0.96758014,1,0.9667462687308669,0.27783334,0,1,1,1,0,Q2
UNSW_NB15_testing-set.csv:54882,1,Backdoor,1,1.0,1,0.9933333333333333,1,1.938365909820342,1,0.99997556,1,0.9931423813772747,0.21295923,0,1,1,1,0,Q2
UNSW_NB15_testing-set.csv:54910,1,Backdoor,1,1.0,1,0.93,1,0.6849768817685185,1,0.96528316,1,0.9641324697272747,0.2863088,0,1,1,1,0,Q2
UNSW_NB15_testing-set.csv:54958,1,Backdoor,1,1.0,1,0.9266666666666666,1,0.6844710172414117,1,0.96542513,1,0.9633791647157383,0.28518316,0,1,1,1,0,Q2
UNSW_NB15_testing-set.csv:54979,1,Backdoor,1,1.0,1,0.9933333333333333,1,1.9354416955912248,1,0.9999782,1,0.9931223690105428,0.22763705,0,1,1,1,0,Q2
UNSW_NB15_testing-set.csv:55039,1,Backdoor,1,1.0,1,0.9266666666666666,1,0.6844710172414117,1,0.96542513,1,0.9633791647157383,0.28518316,0,1,1,1,0,Q2
UNSW_NB15_testing-set.csv:55048,1,Backdoor,1,1.0,1,0.99,1,0.8597734259965897,1,0.97299665,1,0.9792242831184705,0.20227996,0,1,1,1,0,Q2
UNSW_NB15_testing-set.csv:55072,1,Backdoor,1,1.0,1,0.9433333333333334,1,0.6771865332541513,1,0.96758014,1,0.9667462687308669,0.27783334,0,1,1,1,0,Q2
UNSW_NB15_testing-set.csv:55074,1,Backdoor,1,1.0,1,1.0,1,1.1594611497405731,1,0.9979202,1,0.9857182092062657,0.28120658,0,1,1,1,0,Q2
UNSW_NB15_testing-set.csv:55124,1,Backdoor,1,1.0,1,1.0,1,1.1538965992191872,1,0.9976689,1,0.9856369104346591,0.29738486,0,1,1,1,0,Q2
UNSW_NB15_testing-set.csv:55128,1,Backdoor,1,1.0,1,0.93,1,0.6849768817685185,1,0.96528316,1,0.9641324697272747,0.2863088,0,1,1,1,0,Q2
UNSW_NB15_testing-set.csv:55151,1,Backdoor,1,1.0,1,1.0,1,1.1594611497405731,1,0.9979202,1,0.9857182092062657,0.28120658,0,1,1,1,0,Q2
UNSW_NB15_testing-set.csv:55153,1,Backdoor,1,1.0,1,0.9366666666666666,1,1.2940419683445854,1,0.9984169,1,0.9814377148171471,0.2549265,0,1,1,1,0,Q2
UNSW_NB15_testing-set.csv:55172,1,Backdoor,1,1.0,1,0.9033333333333333,1,0.5369662061523064,1,0.93321335,1,0.9503393266083769,0.24836896,0,1,1,1,0,Q2
UNSW_NB15_testing-set.csv:55191,1,Backdoor,1,1.0,1,1.0,1,1.1538965992191872,1,0.9976689,1,0.9856369104346591,0.29738486,0,1,1,1,0,Q2
UNSW_NB15_testing-set.csv:55200,1,Backdoor,1,1.0,1,0.9366666666666666,1,1.2940419683445854,1,0.9984169,1,0.9814377148171471,0.2549265,0,1,1,1,0,Q2
UNSW_NB15_testing-set.csv:55246,1,Backdoor,1,1.0,1,1.0,1,1.1666155656224153,1,0.998204,1,0.9858216941207718,0.29262275,0,1,1,1,0,Q2
UNSW_NB15_testing-set.csv:55258,1,Backdoor,1,1.0,1,0.9033333333333333,1,0.5369662061523064,1,0.93321335,1,0.9503393266083769,0.24836896,0,1,1,1,0,Q2
UNSW_NB15_testing-set.csv:55328,1,Backdoor,1,1.0,1,0.9466666666666667,1,0.8242768554076445,1,0.9830687,1,0.9720557546339974,0.35470375,0,1,1,1,0,Q2
UNSW_NB15_testing-set.csv:55366,1,Backdoor,1,1.0,1,1.0,1,1.1666155656224153,1,0.998204,1,0.9858216941207718,0.29262275,0,1,1,1,0,Q2
UNSW_NB15_testing-set.csv:55376,1,Backdoor,1,1.0,1,0.9533333333333334,1,0.8326236716402966,1,0.985159,1,0.9734372559715171,0.35679275,0,1,1,1,0,Q2
UNSW_NB15_testing-set.csv:55395,1,Backdoor,1,1.0,1,0.9333333333333333,0,-0.27835237025681997,1,0.91505194,1,0.9097830874910876,0.064464435,0,1,1,1,0,Q2
UNSW_NB15_testing-set.csv:55421,1,Backdoor,1,1.0,1,0.9466666666666667,1,0.8242768554076445,1,0.9830687,1,0.9720557546339974,0.3547038,0,1,1,1,0,Q2
UNSW_NB15_testing-set.csv:55468,1,Backdoor,1,1.0,1,0.9533333333333334,1,0.8326236716402966,1,0.985159,1,0.9734372559715171,0.35679275,0,1,1,1,0,Q2
UNSW_NB15_testing-set.csv:55514,1,Backdoor,1,1.0,1,0.9633333333333334,1,0.833551093718246,1,0.98532027,1,0.9750552937101163,0.3457589,0,1,1,1,0,Q2
UNSW_NB15_testing-set.csv:55519,1,Backdoor,1,1.0,1,1.0,1,1.7863568321593737,1,0.9999758,1,0.9923487510853773,0.19503854,0,1,1,1,0,Q2
UNSW_NB15_testing-set.csv:55538,1,Backdoor,1,1.0,1,1.0,1,1.7863568321593737,1,0.9999758,1,0.9923487510853773,0.19503854,0,1,1,1,0,Q2
UNSW_NB15_testing-set.csv:55550,1,Backdoor,1,1.0,1,0.9633333333333334,1,0.833551093718246,1,0.98532027,1,0.9750552937101163,0.3457589,0,1,1,1,0,Q2
UNSW_NB15_testing-set.csv:55562,1,Backdoor,1,1.0,1,1.0,1,1.7805084037011392,1,0.999977,1,0.992304044364511,0.20369428,0,1,1,1,0,Q2
UNSW_NB15_testing-set.csv:55585,1,Backdoor,1,1.0,1,1.0,1,1.7805084037011392,1,0.999977,1,0.992304044364511,0.20369428,0,1,1,1,0,Q2
UNSW_NB15_testing-set.csv:55589,1,Backdoor,1,1.0,1,0.99,1,1.8660603607317252,1,0.99998236,1,0.9924734733784646,0.2727603,0,1,1,1,0,Q2
UNSW_NB15_testing-set.csv:55625,1,Backdoor,1,1.0,1,1.0,1,1.7876628347959367,1,0.99995995,1,0.9923586183487865,0.20525096,0,1,1,1,0,Q2
UNSW_NB15_testing-set.csv:55634,1,Backdoor,1,1.0,1,0.99,1,1.8660603607317252,1,0.99998236,1,0.9924734733784646,0.2727603,0,1,1,1,0,Q2
UNSW_NB15_testing-set.csv:55650,1,Backdoor,1,1.0,1,1.0,1,1.7876628347959367,1,0.99995995,1,0.9923586183487865,0.20525096,0,1,1,1,0,Q2
UNSW_NB15_testing-set.csv:55671,1,Backdoor,1,1.0,1,0.9966666666666667,1,1.7338374764553015,1,0.9999703,1,0.9917668211613266,0.19501872,0,1,1,1,0,Q2
UNSW_NB15_testing-set.csv:55672,1,Backdoor,1,1.0,1,0.9966666666666667,1,1.7994328708209546,1,0.9999511,1,0.9922874321854461,0.20394017,0,1,1,1,0,Q2
UNSW_NB15_testing-set.csv:55709,1,Backdoor,1,1.0,1,0.9966666666666667,1,1.7338374764553015,1,0.9999703,1,0.9917668211613266,0.19501872,0,1,1,1,0,Q2
UNSW_NB15_testing-set.csv:55746,1,Backdoor,1,1.0,1,0.9266666666666666,1,1.7369882322917845,1,0.99990094,1,0.9872596691040848,0.21204326,0,1,1,1,0,Q2
UNSW_NB15_testing-set.csv:55786,1,Backdoor,1,1.0,1,0.9266666666666666,1,1.7369882322917845,1,0.99990094,1,0.9872596691040848,0.21204326,0,1,1,1,0,Q2
UNSW_NB15_testing-set.csv:55825,1,Backdoor,1,1.0,1,0.96,1,0.9204228766630367,1,0.97440296,1,0.9764415206692549,0.17043796,0,1,1,1,0,Q2
UNSW_NB15_testing-set.csv:55829,1,Backdoor,1,1.0,1,0.97,1,1.8867839048359814,1,0.99997747,1,0.9916377921442338,0.3889596,0,1,1,1,0,Q2
UNSW_NB15_testing-set.csv:55855,1,Backdoor,1,1.0,1,0.99,1,1.4483008454712165,1,0.9997814,1,0.9885945304659868,0.20051397,0,1,1,1,0,Q2
UNSW_NB15_testing-set.csv:55884,1,Backdoor,1,1.0,1,0.97,1,1.902364629400654,1,0.9999727,1,0.9917664916984219,0.36822155,0,1,1,1,0,Q2
UNSW_NB15_testing-set.csv:55890,1,Backdoor,1,1.0,1,0.99,1,1.4483008454712165,1,0.9997814,1,0.9885945304659868,0.20051397,0,1,1,1,0,Q2
UNSW_NB15_testing-set.csv:55939,1,Backdoor,1,1.0,1,0.9933333333333333,1,0.9327191618365211,1,0.98356795,1,0.9811941484346919,0.17799893,0,1,1,1,0,Q2
UNSW_NB15_testing-set.csv:55964,1,Backdoor,1,1.0,1,0.9933333333333333,1,0.9506715473134175,1,0.9939867,1,0.9816526840418924,0.24566539,0,1,1,1,0,Q2
UNSW_NB15_testing-set.csv:55989,1,Backdoor,1,1.0,1,0.9633333333333334,1,0.833551093718246,1,0.98532027,1,0.9750552937101163,0.3457589,0,1,1,1,0,Q2
UNSW_NB15_testing-set.csv:55997,1,Backdoor,1,1.0,1,0.9666666666666667,1,1.899502871239209,1,0.9999778,1,0.9915679700659277,0.38705343,0,1,1,1,0,Q2
UNSW_NB15_testing-set.csv:56031,1,Backdoor,1,1.0,1,0.9633333333333334,1,0.833551093718246,1,0.98532027,1,0.9750552937101163,0.3457589,0,1,1,1,0,Q2
UNSW_NB15_testing-set.csv:56066,1,Backdoor,1,1.0,1,1.0,1,1.0632464414538694,1,0.99670595,1,0.9842796379431313,0.25037923,0,1,1,1,0,Q2
UNSW_NB15_testing-set.csv:56070,1,Backdoor,1,1.0,1,0.7933333333333333,1,1.061896237613344,1,0.5156143,1,0.9237782057706965,0.13541251,0,1,1,1,0,Q2
UNSW_NB15_testing-set.csv:56077,1,Backdoor,1,1.0,1,0.9933333333333333,1,0.9522614157741085,1,0.9939985,1,0.9816815568099918,0.24994418,0,1,1,1,0,Q2
UNSW_NB15_testing-set.csv:56109,1,Backdoor,1,1.0,1,0.97,1,1.860581106472387,1,0.9999832,1,0.991416825849513,0.31157425,0,1,1,1,0,Q2
UNSW_NB15_testing-set.csv:56144,1,Backdoor,1,1.0,1,0.97,1,1.8867839048359814,1,0.99997747,1,0.9916377921442338,0.3889596,0,1,1,1,0,Q2
UNSW_NB15_testing-set.csv:56153,1,Backdoor,1,1.0,1,1.0,1,1.825753888830669,1,0.99999905,1,0.9926434244185832,1.0303105,0,1,1,1,0,Q2
UNSW_NB15_testing-set.csv:56163,1,Backdoor,1,1.0,1,0.9533333333333334,1,0.9557302123991818,1,0.9926696,1,0.9765707710781234,0.2539724,0,1,1,1,0,Q2
UNSW_NB15_testing-set.csv:56191,1,Backdoor,1,1.0,1,1.0,1,1.0632464414538694,1,0.99670595,1,0.9842796379431313,0.25037923,0,1,1,1,0,Q2
UNSW_NB15_testing-set.csv:56206,1,Backdoor,1,1.0,1,0.97,1,1.902364629400654,1,0.9999727,1,0.9917664916984219,0.36822155,0,1,1,1,0,Q2
UNSW_NB15_testing-set.csv:56224,1,Backdoor,1,1.0,1,0.9633333333333334,1,1.0981783058030223,1,0.99673563,1,0.9809103018430011,0.29711288,0,1,1,1,0,Q2
UNSW_NB15_testing-set.csv:56257,1,Backdoor,1,1.0,1,0.9533333333333334,1,0.9557302123991818,1,0.9926696,1,0.9765707710781234,0.2539724,0,1,1,1,0,Q2
UNSW_NB15_testing-set.csv:56264,1,Backdoor,1,1.0,1,0.9633333333333334,1,1.0981783058030223,1,0.99673563,1,0.9809103018430011,0.29711288,0,1,1,1,0,Q2
UNSW_NB15_testing-set.csv:56273,1,Backdoor,1,1.0,1,0.9333333333333333,1,1.9029716678642818,1,0.99997115,1,0.9896377580337558,0.35679337,0,1,1,1,0,Q2
UNSW_NB15_testing-set.csv:56302,1,Backdoor,1,1.0,1,0.9933333333333333,1,0.9522614157741085,1,0.9939985,1,0.9816815568099918,0.24994418,0,1,1,1,0,Q2
UNSW_NB15_testing-set.csv:56320,1,Backdoor,1,1.0,1,0.9333333333333333,1,1.9029716678642818,1,0.99997115,1,0.9896377580337558,0.35679337,0,1,1,1,0,Q2
UNSW_NB15_testing-set.csv:56351,1,Backdoor,1,1.0,1,0.97,1,1.860581106472387,1,0.9999832,1,0.991416825849513,0.3115741,0,1,1,1,0,Q2
UNSW_NB15_testing-set.csv:56360,1,Backdoor,1,1.0,1,1.0,1,1.0632464414538694,1,0.99670595,1,0.9842796379431313,0.2503793,0,1,1,1,0,Q2
UNSW_NB15_testing-set.csv:56369,1,Backdoor,1,1.0,1,1.0,1,0.9601003963063883,1,0.9950519,1,0.9825748379088564,0.285762,0,1,1,1,0,Q2
UNSW_NB15_testing-set.csv:56411,1,Backdoor,1,1.0,1,0.9933333333333333,1,0.8614036869857555,1,0.9928376,1,0.9799513606684066,0.23959836,0,1,1,1,0,Q2
UNSW_NB15_testing-set.csv:56433,1,Backdoor,1,1.0,1,0.9933333333333333,1,0.8753150537397931,1,0.9907594,1,0.9801963605389687,0.22406293,0,1,1,1,0,Q2
UNSW_NB15_testing-set.csv:56465,1,Backdoor,1,1.0,1,1.0,1,1.825753888830669,1,0.99999905,1,0.9926434244185832,1.0303105,0,1,1,1,0,Q2
UNSW_NB15_testing-set.csv:56544,1,Backdoor,1,1.0,1,0.9933333333333333,1,1.524411323622849,1,0.99999475,1,0.9896453322402001,0.20129216,0,1,1,1,0,Q2
UNSW_NB15_testing-set.csv:56611,1,Backdoor,1,1.0,1,1.0,1,1.0632464414538694,1,0.99670595,1,0.9842796379431313,0.25037923,0,1,1,1,0,Q2
UNSW_NB15_testing-set.csv:56626,1,Backdoor,1,1.0,1,0.9933333333333333,1,0.8753150537397931,1,0.9907594,1,0.9801963605389687,0.22406293,0,1,1,1,0,Q2
UNSW_NB15_testing-set.csv:56646,1,Backdoor,1,1.0,1,0.9933333333333333,1,1.524411323622849,1,0.99999475,1,0.9896453322402001,0.20129216,0,1,1,1,0,Q2
UNSW_NB15_testing-set.csv:56690,1,Backdoor,1,1.0,1,0.96,1,0.8287855813926721,1,0.9843167,1,0.974399402207675,0.22360598,0,1,1,1,0,Q2
UNSW_NB15_testing-set.csv:56730,1,Backdoor,1,1.0,1,0.9933333333333333,1,0.8614036869857555,1,0.9928376,1,0.9799513606684066,0.23959836,0,1,1,1,0,Q2
UNSW_NB15_testing-set.csv:56736,1,Backdoor,1,1.0,1,1.0,1,1.2233425083099214,1,0.99858487,1,0.9865995754098595,0.30650422,0,1,1,1,0,Q2
UNSW_NB15_testing-set.csv:56776,1,Backdoor,1,1.0,1,0.9933333333333333,1,0.8703940727144346,1,0.9910563,1,0.9801041871524782,0.24811849,0,1,1,1,0,Q2
UNSW_NB15_testing-set.csv:56803,1,Backdoor,1,1.0,1,0.96,1,0.8287855813926721,1,0.9843167,1,0.974399402207675,0.22360598,0,1,1,1,0,Q2
UNSW_NB15_testing-set.csv:56827,1,Backdoor,1,1.0,1,1.0,1,1.2177779608887702,1,0.99845994,1,0.9865243744818575,0.29892656,0,1,1,1,0,Q2
UNSW_NB15_testing-set.csv:56845,1,Backdoor,1,1.0,1,0.9933333333333333,1,0.8694666506364848,1,0.9911453,1,0.9800872098169522,0.24469553,0,1,1,1,0,Q2
UNSW_NB15_testing-set.csv:56884,1,Backdoor,1,1.0,1,1.0,1,1.2233425083099214,1,0.99858487,1,0.9865995754098595,0.30650422,0,1,1,1,0,Q2
UNSW_NB15_testing-set.csv:56893,1,Backdoor,1,1.0,1,0.9933333333333333,1,0.8703940727144346,1,0.9910563,1,0.9801041871524782,0.24811849,0,1,1,1,0,Q2
UNSW_NB15_testing-set.csv:56895,1,Backdoor,1,1.0,1,0.9333333333333333,1,1.6945966261012584,1,0.99996877,1,0.9872571033804184,0.23227133,0,1,1,1,0,Q2
UNSW_NB15_testing-set.csv:56919,1,Backdoor,1,1.0,1,0.9933333333333333,1,0.8694666506364848,1,0.9911453,1,0.9800872098169522,0.24469553,0,1,1,1,0,Q2
UNSW_NB15_testing-set.csv:56966,1,Backdoor,1,1.0,1,1.0,1,0.9601003963063883,1,0.9950519,1,0.9825748379088564,0.285762,0,1,1,1,0,Q2
UNSW_NB15_testing-set.csv:56979,1,Backdoor,1,1.0,1,0.9333333333333333,1,0.8426905993611187,1,0.98923725,1,0.9703238559155949,0.218938,0,1,1,1,0,Q2
UNSW_NB15_testing-set.csv:57010,1,Backdoor,1,1.0,1,0.9966666666666667,1,0.9473814299031602,1,0.9940848,1,0.9819726566935214,0.29128575,0,1,1,1,0,Q2
UNSW_NB15_testing-set.csv:57033,1,Backdoor,1,1.0,1,0.9933333333333333,1,1.1481578039780436,1,0.9999896,1,0.984963744892626,9.468191,0,1,1,1,0,Q2
UNSW_NB15_testing-set.csv:57052,1,Backdoor,1,1.0,1,0.9966666666666667,1,0.9473814299031602,1,0.9940848,1,0.9819726566935214,0.29128575,0,1,1,1,0,Q2
UNSW_NB15_testing-set.csv:57056,1,Backdoor,1,1.0,1,0.9333333333333333,1,0.8426905993611187,1,0.98923725,1,0.9703238559155949,0.218938,0,1,1,1,0,Q2
UNSW_NB15_testing-set.csv:57079,1,Backdoor,1,1.0,1,0.9933333333333333,1,0.9629621544678333,1,0.9951284,1,0.981887514907196,0.28583366,0,1,1,1,0,Q2
UNSW_NB15_testing-set.csv:57082,1,Backdoor,1,1.0,1,0.9933333333333333,1,1.1481578039780436,1,0.9999896,1,0.984963744892626,9.468191,0,1,1,1,0,Q2
UNSW_NB15_testing-set.csv:57125,1,Backdoor,1,1.0,1,0.97,1,1.454001711894268,1,0.99953616,1,0.9871415538386002,0.21358882,0,1,1,1,0,Q2
UNSW_NB15_testing-set.csv:57165,1,Backdoor,1,1.0,1,1.0,1,1.2177779608887702,1,0.99845994,1,0.9865243744818575,0.29892656,0,1,1,1,0,Q2
UNSW_NB15_testing-set.csv:57227,1,Backdoor,1,1.0,1,0.97,1,1.454001711894268,1,0.99953616,1,0.9871415538386002,0.21358882,0,1,1,1,0,Q2
UNSW_NB15_testing-set.csv:57239,1,Backdoor,1,1.0,1,0.9733333333333334,1,0.5043602514293348,1,0.9896583,1,0.9677593107735531,0.098825306,0,1,1,1,0,Q2
UNSW_NB15_testing-set.csv:57267,1,Backdoor,1,1.0,1,1.0,1,1.2249323767706124,1,0.99861705,1,0.9866209535442095,0.31180617,0,1,1,1,0,Q2
UNSW_NB15_testing-set.csv:57303,1,Backdoor,1,1.0,1,0.9633333333333334,1,1.600044446294725,1,0.99985456,1,0.9884030487058298,0.24794027,0,1,1,1,0,Q2
UNSW_NB15_testing-set.csv:57328,1,Backdoor,1,1.0,1,0.9666666666666667,1,1.573334613953295,1,0.9999455,1,0.9883386929236596,0.34607822,0,1,1,1,0,Q2
UNSW_NB15_testing-set.csv:57359,1,Backdoor,1,1.0,1,1.0,1,1.2249323767706124,1,0.99861705,1,0.9866209535442095,0.31180617,0,1,1,1,0,Q2
UNSW_NB15_testing-set.csv:57397,1,Backdoor,1,1.0,1,0.9633333333333334,1,1.600044446294725,1,0.99985456,1,0.9884030487058298,0.24794027,0,1,1,1,0,Q2
UNSW_NB15_testing-set.csv:57408,1,Backdoor,1,1.0,1,0.99,1,3.0217601022578364,1,0.9996917,1,0.9976286240460637,0.22997159,0,1,1,1,0,Q2
UNSW_NB15_testing-set.csv:57411,1,Backdoor,1,1.0,1,1.0,1,0.4442088380985709,1,0.98893017,1,0.9709740401060385,0.08293461,0,1,1,1,0,Q2
UNSW_NB15_testing-set.csv:57496,1,Backdoor,1,1.0,1,0.9333333333333333,1,1.6945966261012584,1,0.99996877,1,0.9872571033804184,0.23227133,0,1,1,1,0,Q2
UNSW_NB15_testing-set.csv:57507,1,Backdoor,1,1.0,1,0.99,1,3.0217601022578364,1,0.9996917,1,0.9976286240460637,0.22997159,0,1,1,1,0,Q2
UNSW_NB15_testing-set.csv:57509,1,Backdoor,1,1.0,1,0.8233333333333334,1,0.15283658587239135,0,0.4726991,1,0.8510875387206475,0.07206449,0,1,1,1,0,Q2
UNSW_NB15_testing-set.csv:57528,1,Backdoor,1,1.0,1,0.9666666666666667,1,1.573334613953295,1,0.9999455,1,0.9883386929236596,0.34607825,0,1,1,1,0,Q2
UNSW_NB15_testing-set.csv:57593,1,Backdoor,1,1.0,1,0.9866666666666667,1,1.5058287534628463,1,0.9999721,1,0.9890013694096247,0.2013135,0,1,1,1,0,Q2
UNSW_NB15_testing-set.csv:57640,1,Backdoor,1,1.0,1,0.9966666666666667,1,1.7366777831744475,1,0.9999596,1,0.9917900141736254,0.2287879,0,1,1,1,0,Q2
UNSW_NB15_testing-set.csv:57669,1,Backdoor,1,1.0,1,0.9866666666666667,1,1.5058287534628463,1,0.9999721,1,0.9890013694096247,0.2013135,0,1,1,1,0,Q2
UNSW_NB15_testing-set.csv:57711,1,Backdoor,1,1.0,1,0.9966666666666667,1,1.727774504133407,1,0.9999683,1,0.9917169552300942,0.25225183,0,1,1,1,0,Q2
UNSW_NB15_testing-set.csv:57783,1,Backdoor,1,1.0,1,1.0,1,0.9529459499986346,1,0.9944543,1,0.9824443738275893,0.27541658,0,1,1,1,0,Q2
UNSW_NB15_testing-set.csv:57808,1,Backdoor,1,1.0,1,1.0,1,0.9529459499986346,1,0.9944543,1,0.9824443738275893,0.27541658,0,1,1,1,0,Q2
UNSW_NB15_testing-set.csv:57874,1,Backdoor,1,1.0,1,1.0,1,0.9529459499986346,1,0.9944543,1,0.9824443738275893,0.27541658,0,1,1,1,0,Q2
UNSW_NB15_testing-set.csv:57875,1,Backdoor,1,1.0,1,0.9933333333333333,1,1.9354416955912248,1,0.9999782,1,0.9931223690105428,0.22763705,0,1,1,1,0,Q2
UNSW_NB15_testing-set.csv:57940,1,Backdoor,1,1.0,1,0.9566666666666667,1,0.96356916250555,1,0.9947949,1,0.9772581284275444,0.28682014,0,1,1,1,0,Q2
UNSW_NB15_testing-set.csv:57990,1,Backdoor,1,1.0,1,0.9933333333333333,1,1.6556372055243338,1,0.9998971,1,0.9909113215095399,0.20524146,0,1,1,1,0,Q2
UNSW_NB15_testing-set.csv:58004,1,Backdoor,1,1.0,1,0.9566666666666667,1,0.96356916250555,1,0.9947949,1,0.9772581284275444,0.28682014,0,1,1,1,0,Q2
UNSW_NB15_testing-set.csv:58112,1,Backdoor,1,1.0,1,0.99,1,1.6705387166165162,1,0.9998529,1,0.9908550901818742,0.20250976,0,1,1,1,0,Q2
UNSW_NB15_testing-set.csv:58176,1,Backdoor,1,1.0,1,0.99,1,1.6705387166165162,1,0.9998529,1,0.9908550901818742,0.20250976,0,1,1,1,0,Q2
UNSW_NB15_testing-set.csv:58255,1,Backdoor,1,1.0,1,0.9933333333333333,1,1.8048114149919556,1,0.99995935,1,0.9921659567865146,0.2529038,0,1,1,1,0,Q2
UNSW_NB15_testing-set.csv:58329,1,Backdoor,1,1.0,1,0.9933333333333333,1,1.7649450693640516,1,0.99998605,1,0.9918487827759341,0.2528978,0,1,1,1,0,Q2
UNSW_NB15_testing-set.csv:58332,1,Backdoor,1,1.0,1,0.99,1,1.8829894649669148,1,0.99999774,1,0.9925994600923078,0.30898836,0,1,1,1,0,Q2
UNSW_NB15_testing-set.csv:58406,1,Backdoor,1,1.0,1,0.9933333333333333,1,1.8048114149919556,1,0.99995935,1,0.9921659567865146,0.2529038,0,1,1,1,0,Q2
UNSW_NB15_testing-set.csv:58408,1,Backdoor,1,1.0,1,0.99,1,1.8829894649669148,1,0.99999774,1,0.9925994600923078,0.30898836,0,1,1,1,0,Q2
UNSW_NB15_testing-set.csv:58416,1,Backdoor,1,1.0,1,0.9866666666666667,1,0.4790150923797025,1,0.989298,1,0.9695481605187629,0.10671131,0,1,1,1,0,Q2
UNSW_NB15_testing-set.csv:58510,1,Backdoor,1,1.0,1,0.99,1,1.8908602324846233,1,0.999972,1,0.9926571554569378,0.30947772,0,1,1,1,0,Q2
UNSW_NB15_testing-set.csv:58534,1,Backdoor,1,1.0,1,0.9933333333333333,1,1.7649450693640516,1,0.99998605,1,0.9918487827759341,0.2528978,0,1,1,1,0,Q2
UNSW_NB15_testing-set.csv:58546,1,Backdoor,1,1.0,1,0.9833333333333333,1,0.9371707884586575,1,0.96703714,1,0.9798519844685182,0.18630652,0,1,1,1,0,Q2
UNSW_NB15_testing-set.csv:58584,1,Backdoor,1,1.0,1,0.99,1,2.264509893888425,1,0.9999988,1,0.9949425783959693,0.24641667,0,1,1,1,0,Q2
UNSW_NB15_testing-set.csv:58603,1,Backdoor,1,1.0,1,0.9366666666666666,1,1.0852826735082868,1,0.99371606,1,0.9771362374014981,0.23775266,0,1,1,1,0,Q2
UNSW_NB15_testing-set.csv:58657,1,Backdoor,1,1.0,1,0.9966666666666667,1,1.1023409515927116,1,0.9951434,1,0.9845409377320457,0.2707094,0,1,1,1,0,Q2
UNSW_NB15_testing-set.csv:58658,1,Backdoor,1,1.0,1,0.9866666666666667,1,0.2174312013746703,1,0.76939577,1,0.9546793944887315,0.04992612,0,1,1,1,0,Q2
UNSW_NB15_testing-set.csv:58705,1,Backdoor,1,1.0,1,0.9933333333333333,1,1.875040208476287,1,0.99997246,1,0.9926954868128859,0.2515713,0,1,1,1,0,Q2
UNSW_NB15_testing-set.csv:58742,1,Backdoor,1,1.0,1,0.98,1,1.084675635044659,1,0.99414873,1,0.9825323806816426,0.23751666,0,1,1,1,0,Q2
UNSW_NB15_testing-set.csv:58773,1,Backdoor,1,1.0,1,1.0,1,1.8650240344330002,1,0.9999869,1,0.9929257647782838,0.2385408,0,1,1,1,0,Q2
UNSW_NB15_testing-set.csv:58783,1,Backdoor,1,1.0,1,0.9366666666666666,1,1.0852826735082868,1,0.99371606,1,0.9771362374014981,0.23775266,0,1,1,1,0,Q2
UNSW_NB15_testing-set.csv:58797,1,Backdoor,1,1.0,1,0.9966666666666667,1,1.1023409515927116,1,0.9951434,1,0.9845409377320457,0.2707094,0,1,1,1,0,Q2
UNSW_NB15_testing-set.csv:58924,1,Backdoor,1,1.0,1,0.99,1,1.8908602324846233,1,0.999972,1,0.9926571554569378,0.30947772,0,1,1,1,0,Q2
UNSW_NB15_testing-set.csv:58940,1,Backdoor,1,1.0,1,0.9933333333333333,1,1.875040208476287,1,0.99997246,1,0.9926954868128859,0.2515713,0,1,1,1,0,Q2
UNSW_NB15_testing-set.csv:58950,1,Backdoor,1,1.0,1,0.98,1,1.084675635044659,1,0.99414873,1,0.9825323806816426,0.23751666,0,1,1,1,0,Q2
UNSW_NB15_testing-set.csv:58996,1,Backdoor,1,1.0,1,0.9833333333333333,1,0.9371707884586575,1,0.96703714,1,0.9798519844685182,0.18630652,0,1,1,1,0,Q2
UNSW_NB15_testing-set.csv:58997,1,Backdoor,1,1.0,1,0.98,1,1.733120519464051,1,0.99994683,1,0.9908499253142015,0.26856375,0,1,1,1,0,Q2
UNSW_NB15_testing-set.csv:59026,1,Backdoor,1,1.0,1,1.0,1,1.8650240344330002,1,0.9999869,1,0.9929257647782838,0.2385408,0,1,1,1,0,Q2
UNSW_NB15_testing-set.csv:59037,1,Backdoor,1,1.0,1,0.94,1,1.733727557927679,1,0.99994373,1,0.9882436886163448,0.26860544,0,1,1,1,0,Q2
UNSW_NB15_testing-set.csv:59057,1,Backdoor,1,1.0,1,0.9833333333333333,1,0.9371707884586575,1,0.96703714,1,0.9798519844685182,0.18630652,0,1,1,1,0,Q2
UNSW_NB15_testing-set.csv:59092,1,Backdoor,1,1.0,1,0.9933333333333333,1,0.9328469079696977,1,0.9797568,1,0.9811483514050212,0.18072037,0,1,1,1,0,Q2
UNSW_NB15_testing-set.csv:59102,1,Backdoor,1,1.0,1,0.98,1,1.733120519464051,1,0.99994683,1,0.9908499253142015,0.26856375,0,1,1,1,0,Q2
UNSW_NB15_testing-set.csv:59127,1,Backdoor,1,1.0,1,0.9966666666666667,1,1.7366777831744475,1,0.9999596,1,0.9917900141736254,0.22878794,0,1,1,1,0,Q2
UNSW_NB15_testing-set.csv:59152,1,Backdoor,1,1.0,1,0.94,1,1.733727557927679,1,0.99994373,1,0.9882436886163448,0.26860544,0,1,1,1,0,Q2
UNSW_NB15_testing-set.csv:59173,1,Backdoor,1,1.0,1,0.9533333333333334,1,1.894962933956869,1,0.9999802,1,0.9907887000207012,0.2809826,0,1,1,1,0,Q2
UNSW_NB15_testing-set.csv:59182,1,Backdoor,1,1.0,1,0.9933333333333333,1,0.9328469079696977,1,0.9797568,1,0.9811483514050212,0.18072037,0,1,1,1,0,Q2
UNSW_NB15_testing-set.csv:59209,1,Backdoor,1,1.0,1,0.9966666666666667,1,1.727774504133407,1,0.9999683,1,0.9917169552300942,0.25225183,0,1,1,1,0,Q2
UNSW_NB15_testing-set.csv:59261,1,Backdoor,1,1.0,1,1.0,1,1.8899042688711052,1,0.99998736,1,0.9930990894571169,0.264967,0,1,1,1,0,Q2
UNSW_NB15_testing-set.csv:59286,1,Backdoor,1,1.0,1,0.9933333333333333,1,1.7331205143930657,1,0.99994683,1,0.9915861288929764,0.26856378,0,1,1,1,0,Q2
UNSW_NB15_testing-set.csv:59365,1,Backdoor,1,1.0,1,0.9966666666666667,1,1.7302587562316203,1,0.99995923,1,0.991737368050865,0.25868258,0,1,1,1,0,Q2
UNSW_NB15_testing-set.csv:59381,1,Backdoor,1,1.0,1,0.84,1,1.017193788767587,1,0.99924845,1,0.955933040611846,0.22565956,0,1,1,1,0,Q2
UNSW_NB15_testing-set.csv:59509,1,Backdoor,1,1.0,1,0.9966666666666667,1,3.691957346410798,1,0.99999726,1,0.9988390107293966,0.23231725,0,1,1,1,0,Q2
UNSW_NB15_testing-set.csv:59526,1,Backdoor,1,1.0,1,0.9066666666666666,1,1.5522786467579481,1,0.9998354,1,0.9826682121788793,0.5478609,0,1,1,1,0,Q2
UNSW_NB15_testing-set.csv:59582,1,Backdoor,1,1.0,1,0.9066666666666666,1,1.5522786467579481,1,0.9998354,1,0.9826682121788793,0.5478609,0,1,1,1,0,Q2
UNSW_NB15_testing-set.csv:59636,1,Backdoor,1,1.0,1,0.9066666666666666,1,1.5522786467579481,1,0.9998354,1,0.9826682121788793,0.5478609,0,1,1,1,0,Q2
UNSW_NB15_testing-set.csv:59690,1,Backdoor,1,1.0,1,0.9066666666666666,1,1.5522786467579481,1,0.9998354,1,0.9826682121788793,0.5478609,0,1,1,1,0,Q2
UNSW_NB15_testing-set.csv:59743,1,Backdoor,1,1.0,1,0.9266666666666666,1,1.5521264569479516,1,0.999818,1,0.9847002270565366,0.55032897,0,1,1,1,0,Q2
UNSW_NB15_testing-set.csv:59794,1,Backdoor,1,1.0,1,0.9266666666666666,1,1.546814976468079,1,0.9998267,1,0.9846197665787632,0.66432095,0,1,1,1,0,Q2
UNSW_NB15_testing-set.csv:59847,1,Backdoor,1,1.0,1,0.9066666666666666,1,1.5522786467579481,1,0.9998354,1,0.9826682121788793,0.5478609,0,1,1,1,0,Q2
UNSW_NB15_testing-set.csv:59890,1,Backdoor,1,1.0,1,0.9633333333333334,1,2.4582736631242,1,0.9919682,1,0.9950412501718725,0.7066111,0,1,1,1,0,Q2
UNSW_NB15_testing-set.csv:59942,1,Backdoor,1,1.0,1,0.9066666666666666,1,1.5522786467579481,1,0.9998354,1,0.9826682121788793,0.5478609,0,1,1,1,0,Q2
UNSW_NB15_testing-set.csv:59997,1,Backdoor,1,1.0,1,0.99,1,2.264509893888425,1,0.9999988,1,0.9949425783959693,0.24641667,0,1,1,1,0,Q2
UNSW_NB15_testing-set.csv:60018,1,Backdoor,1,1.0,1,0.8566666666666667,1,0.37721941594372643,1,0.8978547,1,0.922072678393074,0.07557732,0,1,1,1,0,Q2
UNSW_NB15_testing-set.csv:60135,1,Backdoor,0,0.0,1,0.8666666666666667,1,0.5737799072056307,1,0.89710027,1,0.9247917542619893,0.26055342,0,1,1,1,0,Q2
UNSW_NB15_testing-set.csv:60230,1,Backdoor,0,0.0,1,0.8666666666666667,1,0.5737799072056307,1,0.89710027,1,0.9247917542619893,0.26055342,0,1,1,1,0,Q2
UNSW_NB15_testing-set.csv:60354,1,Backdoor,1,1.0,1,0.9566666666666667,1,1.246786596607491,1,0.99989355,1,0.9828487859042913,0.35570517,0,1,1,1,0,Q2
UNSW_NB15_testing-set.csv:60407,1,Backdoor,1,1.0,1,0.9566666666666667,1,1.246786596607491,1,0.99989355,1,0.9828487859042913,0.35570517,0,1,1,1,0,Q2
UNSW_NB15_testing-set.csv:60460,1,Backdoor,1,1.0,1,0.9366666666666666,1,0.5448478315470497,1,0.9584846,1,0.9603940717177726,0.23623219,0,1,1,1,0,Q2
UNSW_NB15_testing-set.csv:60472,1,Backdoor,1,1.0,1,0.8766666666666667,1,0.2536678935742752,1,0.8648579,1,0.9206463172553029,0.07414248,0,1,1,1,0,Q2
UNSW_NB15_testing-set.csv:60518,1,Backdoor,1,1.0,1,0.9366666666666666,1,0.5448478315470497,1,0.9584846,1,0.9603940717177726,0.23623219,0,1,1,1,0,Q2
UNSW_NB15_testing-set.csv:60586,1,Backdoor,1,1.0,1,1.0,1,1.0959019348836851,1,0.9971283,1,0.9847833111222403,0.29558536,0,1,1,1,0,Q2
UNSW_NB15_testing-set.csv:61025,1,Backdoor,1,1.0,1,1.0,1,1.0931196660721847,1,0.9970047,1,0.9847401234279494,0.29062957,0,1,1,1,0,Q2
UNSW_NB15_testing-set.csv:61045,1,Backdoor,1,1.0,1,1.0,1,1.0931196660721847,1,0.9970047,1,0.9847401234279494,0.29062957,0,1,1,1,0,Q2
UNSW_NB15_testing-set.csv:61090,1,Backdoor,1,1.0,1,0.95,1,0.10261832288457395,1,0.6520202,1,0.9320952769721207,0.043772962,0,1,1,1,0,Q2
UNSW_NB15_testing-set.csv:61119,1,Backdoor,1,1.0,1,0.9533333333333334,1,1.4270493089501473,1,0.9999428,1,0.9853455906365047,9.600756,0,1,1,1,0,Q2
UNSW_NB15_testing-set.csv:61128,1,Backdoor,1,1.0,1,0.9533333333333334,1,1.4270493089501473,1,0.9999428,1,0.9853455906365047,9.600756,0,1,1,1,0,Q2
UNSW_NB15_testing-set.csv:61185,1,Backdoor,1,1.0,1,0.9633333333333334,1,1.0981783311579485,1,0.99673563,1,0.9809103023196865,0.29711294,0,1,1,1,0,Q2
UNSW_NB15_testing-set.csv:61220,1,Backdoor,1,1.0,1,1.0,1,1.0959019348836851,1,0.9971283,1,0.9847833111222403,0.29558536,0,1,1,1,0,Q2
UNSW_NB15_testing-set.csv:61243,1,Backdoor,1,1.0,1,0.9633333333333334,1,1.0981783311579485,1,0.99673563,1,0.9809103023196865,0.29711294,0,1,1,1,0,Q2
UNSW_NB15_testing-set.csv:61264,1,Backdoor,1,1.0,1,0.9133333333333333,1,0.8031686734828423,1,0.9519582,1,0.9642626862604735,0.19168659,0,1,1,1,0,Q2
UNSW_NB15_testing-set.csv:61284,1,Backdoor,1,1.0,1,0.9133333333333333,1,0.8031686734828423,1,0.9519582,1,0.9642626862604735,0.19168659,0,1,1,1,0,Q2
UNSW_NB15_testing-set.csv:61307,1,Backdoor,1,1.0,1,0.9966666666666667,1,0.8098800190671702,1,0.98003525,1,0.9791638321305068,0.17314595,0,1,1,1,0,Q2
UNSW_NB15_testing-set.csv:61330,1,Backdoor,1,1.0,1,0.9966666666666667,1,0.8098800190671702,1,0.98003525,1,0.9791638321305068,0.17314595,0,1,1,1,0,Q2
UNSW_NB15_testing-set.csv:61354,1,Backdoor,1,1.0,1,0.9833333333333333,1,0.8025616299482294,1,0.95618093,1,0.9768359907761609,0.18961465,0,1,1,1,0,Q2
UNSW_NB15_testing-set.csv:61375,1,Backdoor,1,1.0,1,0.9266666666666666,1,1.5763688696856664,1,0.99994147,1,0.985063872256278,0.20501994,0,1,1,1,0,Q2
UNSW_NB15_testing-set.csv:61395,1,Backdoor,1,1.0,1,0.9833333333333333,1,0.8025616299482294,1,0.95618093,1,0.9768359907761609,0.18961464,0,1,1,1,0,Q2
UNSW_NB15_testing-set.csv:61416,1,Backdoor,1,1.0,1,0.9266666666666666,1,1.5763688696856664,1,0.99994147,1,0.985063872256278,0.2050199,0,1,1,1,0,Q2
UNSW_NB15_testing-set.csv:61873,1,Backdoor,1,1.0,1,0.9833333333333333,1,0.818446214415729,1,0.9417333,1,0.97697282503607,0.08609832,0,1,1,1,0,Q2
UNSW_NB15_testing-set.csv:62011,1,Backdoor,1,1.0,1,0.9666666666666667,1,1.899502871239209,1,0.9999778,1,0.9915679700659277,0.38705343,0,1,1,1,0,Q2
UNSW_NB15_testing-set.csv:62059,1,Backdoor,1,1.0,1,0.94,1,1.6032675942127146,1,0.99999166,1,0.9866208428989985,7.4125757,0,1,1,1,0,Q2
UNSW_NB15_testing-set.csv:62115,1,Backdoor,1,1.0,1,0.94,1,1.6032675942127146,1,0.99999166,1,0.9866208428989985,7.4125757,0,1,1,1,0,Q2
UNSW_NB15_testing-set.csv:62148,1,Backdoor,1,1.0,1,0.9933333333333333,1,1.7331205143930657,1,0.99994683,1,0.9915861288929764,0.26856378,0,1,1,1,0,Q2
UNSW_NB15_testing-set.csv:62195,1,Backdoor,1,1.0,1,0.94,1,1.5223733222896307,1,0.9999944,1,0.985505284560713,7.3321266,0,1,1,1,0,Q2
UNSW_NB15_testing-set.csv:62205,1,Backdoor,1,1.0,1,0.9966666666666667,1,1.7302587562316203,1,0.99995923,1,0.991737368050865,0.25868258,0,1,1,1,0,Q2
UNSW_NB15_testing-set.csv:62255,1,Backdoor,1,1.0,1,0.9933333333333333,1,1.5929886493055594,1,0.9998479,1,0.9903266637635353,0.19609225,0,1,1,1,0,Q2
UNSW_NB15_testing-set.csv:62303,1,Backdoor,1,1.0,1,0.9933333333333333,1,1.5929886493055594,1,0.9998479,1,0.9903266637635353,0.19609225,0,1,1,1,0,Q2
UNSW_NB15_testing-set.csv:62338,1,Backdoor,1,1.0,1,0.99,1,1.5870777799926084,1,0.9998317,1,0.9900635577671079,0.22174716,0,1,1,1,0,Q2
UNSW_NB15_testing-set.csv:62370,1,Backdoor,1,1.0,1,0.99,1,1.5870777799926084,1,0.9998317,1,0.9900635577671079,0.22174716,0,1,1,1,0,Q2
UNSW_NB15_testing-set.csv:62379,1,Backdoor,1,1.0,1,0.94,1,1.5223733222896307,1,0.9999944,1,0.985505284560713,7.3321266,0,1,1,1,0,Q2
UNSW_NB15_testing-set.csv:62422,1,Backdoor,1,1.0,1,0.9866666666666667,1,0.18659950561652627,1,0.9070239,1,0.9573364361589631,0.074638695,0,1,1,1,0,Q2
UNSW_NB15_testing-set.csv:62453,1,Backdoor,1,1.0,1,1.0,1,2.0179514678095805,1,0.9999932,1,0.9939265875844371,0.33085045,0,1,1,1,0,Q2
UNSW_NB15_testing-set.csv:62477,1,Backdoor,1,1.0,1,0.99,1,0.42757112892375715,1,0.9871991,1,0.968591154708261,0.08975495,0,1,1,1,0,Q2
UNSW_NB15_testing-set.csv:62496,1,Backdoor,1,1.0,1,0.98,1,2.0221248501038884,1,0.99998987,1,0.9931388534959846,0.3333617,0,1,1,1,0,Q2
UNSW_NB15_testing-set.csv:62639,1,Backdoor,1,1.0,1,0.9366666666666666,0,-0.023144440688934842,1,0.98131484,1,0.9329997632420511,0.11705964,0,1,1,1,0,Q2
UNSW_NB15_testing-set.csv:62909,1,Backdoor,1,1.0,1,0.83,1,0.21903615046789648,1,0.72618544,1,0.88343240667859,0.043330316,0,1,1,1,0,Q2
UNSW_NB15_testing-set.csv:63579,1,Backdoor,1,1.0,1,1.0,1,0.29659072398616015,1,0.9688538,1,0.966044651700924,0.07225889,0,1,1,1,0,Q2
UNSW_NB15_testing-set.csv:63683,1,Backdoor,1,1.0,1,0.8266666666666667,1,0.996062110027089,1,0.99861634,1,0.9512330136907338,0.22135767,0,1,1,1,0,Q2
UNSW_NB15_testing-set.csv:63712,1,Backdoor,1,1.0,1,0.96,1,2.020227864083843,1,0.99999154,1,0.9922027611408137,0.3318941,0,1,1,1,0,Q2
UNSW_NB15_testing-set.csv:63736,1,Backdoor,1,1.0,1,1.0,1,2.0179514678095805,1,0.9999932,1,0.9939265875844371,0.33085045,0,1,1,1,0,Q2
UNSW_NB15_testing-set.csv:63783,1,Backdoor,1,1.0,1,0.98,1,2.0221248501038884,1,0.99998987,1,0.9931388534959846,0.3333617,0,1,1,1,0,Q2
UNSW_NB15_testing-set.csv:63830,1,Backdoor,1,1.0,1,0.96,1,2.020227864083843,1,0.99999154,1,0.9922027611408137,0.3318941,0,1,1,1,0,Q2
UNSW_NB15_testing-set.csv:63919,1,Backdoor,1,1.0,1,0.9966666666666667,1,1.7309132622261842,1,0.99997115,1,0.9917428178996145,0.19821145,0,1,1,1,0,Q2
UNSW_NB15_testing-set.csv:63961,1,Backdoor,1,1.0,1,0.9966666666666667,1,1.7309132622261842,1,0.99997115,1,0.9917428178996145,0.19821145,0,1,1,1,0,Q2
UNSW_NB15_testing-set.csv:63986,1,Backdoor,1,1.0,1,0.9966666666666667,1,1.794795210522757,1,0.99997914,1,0.9922518627186802,0.2412259,0,1,1,1,0,Q2
UNSW_NB15_testing-set.csv:64056,1,Backdoor,1,1.0,1,0.95,1,1.8054184230296724,1,0.99995685,1,0.9897176846715996,0.25302786,0,1,1,1,0,Q2
UNSW_NB15_testing-set.csv:64083,1,Backdoor,1,1.0,1,0.8933333333333333,1,0.07756938431897187,1,0.50307685,1,0.8940353241800242,0.047683533,0,1,1,1,0,Q2
UNSW_NB15_testing-set.csv:64260,1,Backdoor,1,1.0,1,0.73,0,-0.0029027726914260255,0,0.3239421,1,0.7094398010476384,0.039240673,0,1,1,1,0,Q2
UNSW_NB15_testing-set.csv:65102,1,Backdoor,1,1.0,1,0.9833333333333333,1,0.8469145016410757,1,0.98881257,1,0.9783014707120514,0.06704051,0,1,1,1,0,Q2
UNSW_NB15_testing-set.csv:65139,1,Backdoor,1,1.0,1,0.8466666666666667,1,0.8913385269834202,1,0.9941427,1,0.9520945652668762,0.20347825,0,1,1,1,0,Q2
UNSW_NB15_testing-set.csv:65578,1,Backdoor,0,0.0,1,0.98,1,0.17377218674804573,1,0.6135356,1,0.9329556092193132,0.03836895,0,1,1,1,0,Q2
UNSW_NB15_testing-set.csv:65613,1,Backdoor,1,1.0,1,0.9966666666666667,1,1.7947952105227578,1,0.99997914,1,0.9922518627186802,0.24122594,0,1,1,1,0,Q2
UNSW_NB15_testing-set.csv:65705,1,Backdoor,1,1.0,1,0.95,1,1.8054184230296733,1,0.99995685,1,0.9897176846715996,0.2530279,0,1,1,1,0,Q2
