explanation_idx,positional_row_id,source_row_uid,label
0,41527,UNSW_NB15_testing-set.csv#id=041577,0
1,79374,UNSW_NB15_testing-set.csv#id=079958,0
2,36052,UNSW_NB15_testing-set.csv#id=036102,0
3,42019,UNSW_NB15_testing-set.csv#id=042069,0
4,67288,UNSW_NB15_testing-set.csv#id=067872,0
5,42139,UNSW_NB15_testing-set.csv#id=042189,0
6,38602,UNSW_NB15_testing-set.csv#id=038652,0
7,30160,UNSW_NB15_testing-set.csv#id=030210,0
8,42842,UNSW_NB15_testing-set.csv#id=042892,0
9,35408,UNSW_NB15_testing-set.csv#id=035458,0
10,73105,UNSW_NB15_testing-set.csv#id=073689,0
11,31937,UNSW_NB15_testing-set.csv#id=031987,0
12,34455,UNSW_NB15_testing-set.csv#id=034505,0
13,66956,UNSW_NB15_testing-set.csv#id=067540,0
14,81650,UNSW_NB15_testing-set.csv#id=082234,0
15,65895,UNSW_NB15_testing-set.csv#id=066479,0
16,68086,UNSW_NB15_testing-set.csv#id=068670,0
17,42771,UNSW_NB15_testing-set.csv#id=042821,0
18,70034,UNSW_NB15_testing-set.csv#id=070618,0
19,65990,UNSW_NB15_testing-set.csv#id=066574,0
20,43447,UNSW_NB15_testing-set.csv#id=043497,0
21,35706,UNSW_NB15_testing-set.csv#id=035756,0
22,65370,UNSW_NB15_testing-set.csv#id=065954,0
23,26499,UNSW_NB15_testing-set.csv#id=026549,0
24,31194,UNSW_NB15_testing-set.csv#id=031244,0
25,28397,UNSW_NB15_testing-set.csv#id=028447,0
26,40149,UNSW_NB15_testing-set.csv#id=040199,0
27,40263,UNSW_NB15_testing-set.csv#id=040313,0
28,38142,UNSW_NB15_testing-set.csv#id=038192,0
29,33829,UNSW_NB15_testing-set.csv#id=033879,0
30,24367,UNSW_NB15_testing-set.csv#id=024417,0
31,77914,UNSW_NB15_testing-set.csv#id=078498,0
32,34491,UNSW_NB15_testing-set.csv#id=034541,0
33,66426,UNSW_NB15_testing-set.csv#id=067010,0
34,65948,UNSW_NB15_testing-set.csv#id=066532,0
35,78952,UNSW_NB15_testing-set.csv#id=079536,0
36,30910,UNSW_NB15_testing-set.csv#id=030960,0
37,75025,UNSW_NB15_testing-set.csv#id=075609,0
38,37800,UNSW_NB15_testing-set.csv#id=037850,0
39,28598,UNSW_NB15_testing-set.csv#id=028648,0
40,37910,UNSW_NB15_testing-set.csv#id=037960,0
41,79762,UNSW_NB15_testing-set.csv#id=080346,0
42,67622,UNSW_NB15_testing-set.csv#id=068206,0
43,37513,UNSW_NB15_testing-set.csv#id=037563,0
44,66772,UNSW_NB15_testing-set.csv#id=067356,0
45,73066,UNSW_NB15_testing-set.csv#id=073650,0
46,38492,UNSW_NB15_testing-set.csv#id=038542,0
47,66907,UNSW_NB15_testing-set.csv#id=067491,0
48,34052,UNSW_NB15_testing-set.csv#id=034102,0
49,26435,UNSW_NB15_testing-set.csv#id=026485,0
50,33092,UNSW_NB15_testing-set.csv#id=033142,0
51,78920,UNSW_NB15_testing-set.csv#id=079504,0
52,27902,UNSW_NB15_testing-set.csv#id=027952,0
53,79844,UNSW_NB15_testing-set.csv#id=080428,0
54,27366,UNSW_NB15_testing-set.csv#id=027416,0
55,27731,UNSW_NB15_testing-set.csv#id=027781,0
56,40165,UNSW_NB15_testing-set.csv#id=040215,0
57,77695,UNSW_NB15_testing-set.csv#id=078279,0
58,37637,UNSW_NB15_testing-set.csv#id=037687,0
59,69661,UNSW_NB15_testing-set.csv#id=070245,0
60,41399,UNSW_NB15_testing-set.csv#id=041449,0
61,39716,UNSW_NB15_testing-set.csv#id=039766,0
62,28421,UNSW_NB15_testing-set.csv#id=028471,0
63,28763,UNSW_NB15_testing-set.csv#id=028813,0
64,80985,UNSW_NB15_testing-set.csv#id=081569,0
65,39033,UNSW_NB15_testing-set.csv#id=039083,0
66,68164,UNSW_NB15_testing-set.csv#id=068748,0
67,32355,UNSW_NB15_testing-set.csv#id=032405,0
68,69989,UNSW_NB15_testing-set.csv#id=070573,0
69,42457,UNSW_NB15_testing-set.csv#id=042507,0
70,65598,UNSW_NB15_testing-set.csv#id=066182,0
71,38159,UNSW_NB15_testing-set.csv#id=038209,0
72,33938,UNSW_NB15_testing-set.csv#id=033988,0
73,42593,UNSW_NB15_testing-set.csv#id=042643,0
74,78876,UNSW_NB15_testing-set.csv#id=079460,0
75,32025,UNSW_NB15_testing-set.csv#id=032075,0
76,28303,UNSW_NB15_testing-set.csv#id=028353,0
77,39178,UNSW_NB15_testing-set.csv#id=039228,0
78,65401,UNSW_NB15_testing-set.csv#id=065985,0
79,76235,UNSW_NB15_testing-set.csv#id=076819,0
80,67711,UNSW_NB15_testing-set.csv#id=068295,0
81,32250,UNSW_NB15_testing-set.csv#id=032300,0
82,73040,UNSW_NB15_testing-set.csv#id=073624,0
83,42662,UNSW_NB15_testing-set.csv#id=042712,0
84,39615,UNSW_NB15_testing-set.csv#id=039665,0
85,66110,UNSW_NB15_testing-set.csv#id=066694,0
86,80115,UNSW_NB15_testing-set.csv#id=080699,0
87,36650,UNSW_NB15_testing-set.csv#id=036700,0
88,81400,UNSW_NB15_testing-set.csv#id=081984,0
89,72547,UNSW_NB15_testing-set.csv#id=073131,0
90,26378,UNSW_NB15_testing-set.csv#id=026428,0
91,36463,UNSW_NB15_testing-set.csv#id=036513,0
92,29316,UNSW_NB15_testing-set.csv#id=029366,0
93,37922,UNSW_NB15_testing-set.csv#id=037972,0
94,70361,UNSW_NB15_testing-set.csv#id=070945,0
95,39633,UNSW_NB15_testing-set.csv#id=039683,0
96,76664,UNSW_NB15_testing-set.csv#id=077248,0
97,30978,UNSW_NB15_testing-set.csv#id=031028,0
98,24596,UNSW_NB15_testing-set.csv#id=024646,0
99,158,UNSW_NB15_testing-set.csv#id=000159,0
100,66998,UNSW_NB15_testing-set.csv#id=067582,0
101,25602,UNSW_NB15_testing-set.csv#id=025652,0
102,25035,UNSW_NB15_testing-set.csv#id=025085,0
103,41456,UNSW_NB15_testing-set.csv#id=041506,0
104,66828,UNSW_NB15_testing-set.csv#id=067412,0
105,71807,UNSW_NB15_testing-set.csv#id=072391,0
106,80141,UNSW_NB15_testing-set.csv#id=080725,0
107,41936,UNSW_NB15_testing-set.csv#id=041986,0
108,70382,UNSW_NB15_testing-set.csv#id=070966,0
109,26678,UNSW_NB15_testing-set.csv#id=026728,0
110,32845,UNSW_NB15_testing-set.csv#id=032895,0
111,23636,UNSW_NB15_testing-set.csv#id=023686,0
112,30039,UNSW_NB15_testing-set.csv#id=030089,0
113,24982,UNSW_NB15_testing-set.csv#id=025032,0
114,71279,UNSW_NB15_testing-set.csv#id=071863,0
115,74123,UNSW_NB15_testing-set.csv#id=074707,0
116,28673,UNSW_NB15_testing-set.csv#id=028723,0
117,39277,UNSW_NB15_testing-set.csv#id=039327,0
118,75491,UNSW_NB15_testing-set.csv#id=076075,0
119,26175,UNSW_NB15_testing-set.csv#id=026225,0
120,67505,UNSW_NB15_testing-set.csv#id=068089,0
121,42872,UNSW_NB15_testing-set.csv#id=042922,0
122,71667,UNSW_NB15_testing-set.csv#id=072251,0
123,42569,UNSW_NB15_testing-set.csv#id=042619,0
124,41294,UNSW_NB15_testing-set.csv#id=041344,0
125,69942,UNSW_NB15_testing-set.csv#id=070526,0
126,27581,UNSW_NB15_testing-set.csv#id=027631,0
127,27176,UNSW_NB15_testing-set.csv#id=027226,0
128,30358,UNSW_NB15_testing-set.csv#id=030408,0
129,39550,UNSW_NB15_testing-set.csv#id=039600,0
130,24518,UNSW_NB15_testing-set.csv#id=024568,0
131,39202,UNSW_NB15_testing-set.csv#id=039252,0
132,75027,UNSW_NB15_testing-set.csv#id=075611,0
133,74371,UNSW_NB15_testing-set.csv#id=074955,0
134,69975,UNSW_NB15_testing-set.csv#id=070559,0
135,75324,UNSW_NB15_testing-set.csv#id=075908,0
136,72650,UNSW_NB15_testing-set.csv#id=073234,0
137,27412,UNSW_NB15_testing-set.csv#id=027462,0
138,78278,UNSW_NB15_testing-set.csv#id=078862,0
139,79739,UNSW_NB15_testing-set.csv#id=080323,0
140,73696,UNSW_NB15_testing-set.csv#id=074280,0
141,68932,UNSW_NB15_testing-set.csv#id=069516,0
142,25136,UNSW_NB15_testing-set.csv#id=025186,0
143,31919,UNSW_NB15_testing-set.csv#id=031969,0
144,75450,UNSW_NB15_testing-set.csv#id=076034,0
145,33470,UNSW_NB15_testing-set.csv#id=033520,0
146,31690,UNSW_NB15_testing-set.csv#id=031740,0
147,79566,UNSW_NB15_testing-set.csv#id=080150,0
148,73721,UNSW_NB15_testing-set.csv#id=074305,0
149,80177,UNSW_NB15_testing-set.csv#id=080761,0
150,66653,UNSW_NB15_testing-set.csv#id=067237,0
151,74392,UNSW_NB15_testing-set.csv#id=074976,0
152,24935,UNSW_NB15_testing-set.csv#id=024985,0
153,28719,UNSW_NB15_testing-set.csv#id=028769,0
154,196,UNSW_NB15_testing-set.csv#id=000197,0
155,197,UNSW_NB15_testing-set.csv#id=000198,0
156,24375,UNSW_NB15_testing-set.csv#id=024425,0
157,77632,UNSW_NB15_testing-set.csv#id=078216,0
158,68479,UNSW_NB15_testing-set.csv#id=069063,0
159,33514,UNSW_NB15_testing-set.csv#id=033564,0
160,77678,UNSW_NB15_testing-set.csv#id=078262,0
161,23594,UNSW_NB15_testing-set.csv#id=023644,0
162,30235,UNSW_NB15_testing-set.csv#id=030285,0
163,73982,UNSW_NB15_testing-set.csv#id=074566,0
164,72840,UNSW_NB15_testing-set.csv#id=073424,0
165,75647,UNSW_NB15_testing-set.csv#id=076231,0
166,28240,UNSW_NB15_testing-set.csv#id=028290,0
167,39462,UNSW_NB15_testing-set.csv#id=039512,0
168,31778,UNSW_NB15_testing-set.csv#id=031828,0
169,31962,UNSW_NB15_testing-set.csv#id=032012,0
170,24116,UNSW_NB15_testing-set.csv#id=024166,0
171,75981,UNSW_NB15_testing-set.csv#id=076565,0
172,77197,UNSW_NB15_testing-set.csv#id=077781,0
173,69373,UNSW_NB15_testing-set.csv#id=069957,0
174,81054,UNSW_NB15_testing-set.csv#id=081638,0
175,67298,UNSW_NB15_testing-set.csv#id=067882,0
176,68268,UNSW_NB15_testing-set.csv#id=068852,0
177,28007,UNSW_NB15_testing-set.csv#id=028057,0
178,68832,UNSW_NB15_testing-set.csv#id=069416,0
179,23935,UNSW_NB15_testing-set.csv#id=023985,0
180,80897,UNSW_NB15_testing-set.csv#id=081481,0
181,68837,UNSW_NB15_testing-set.csv#id=069421,0
182,26918,UNSW_NB15_testing-set.csv#id=026968,0
183,24631,UNSW_NB15_testing-set.csv#id=024681,0
184,75032,UNSW_NB15_testing-set.csv#id=075616,0
185,81735,UNSW_NB15_testing-set.csv#id=082319,0
186,33341,UNSW_NB15_testing-set.csv#id=033391,0
187,69519,UNSW_NB15_testing-set.csv#id=070103,0
188,76566,UNSW_NB15_testing-set.csv#id=077150,0
189,24666,UNSW_NB15_testing-set.csv#id=024716,0
190,80832,UNSW_NB15_testing-set.csv#id=081416,0
191,37216,UNSW_NB15_testing-set.csv#id=037266,0
192,27070,UNSW_NB15_testing-set.csv#id=027120,0
193,42790,UNSW_NB15_testing-set.csv#id=042840,0
194,73027,UNSW_NB15_testing-set.csv#id=073611,0
195,71469,UNSW_NB15_testing-set.csv#id=072053,0
196,77993,UNSW_NB15_testing-set.csv#id=078577,0
197,41730,UNSW_NB15_testing-set.csv#id=041780,0
198,33997,UNSW_NB15_testing-set.csv#id=034047,0
199,23505,UNSW_NB15_testing-set.csv#id=023555,0
200,39080,UNSW_NB15_testing-set.csv#id=039130,0
201,34485,UNSW_NB15_testing-set.csv#id=034535,0
202,39668,UNSW_NB15_testing-set.csv#id=039718,0
203,79805,UNSW_NB15_testing-set.csv#id=080389,0
204,33761,UNSW_NB15_testing-set.csv#id=033811,0
205,38683,UNSW_NB15_testing-set.csv#id=038733,0
206,74634,UNSW_NB15_testing-set.csv#id=075218,0
207,81319,UNSW_NB15_testing-set.csv#id=081903,0
208,39518,UNSW_NB15_testing-set.csv#id=039568,0
209,26532,UNSW_NB15_testing-set.csv#id=026582,0
210,23513,UNSW_NB15_testing-set.csv#id=023563,0
211,42785,UNSW_NB15_testing-set.csv#id=042835,0
212,69594,UNSW_NB15_testing-set.csv#id=070178,0
213,24240,UNSW_NB15_testing-set.csv#id=024290,0
214,66052,UNSW_NB15_testing-set.csv#id=066636,0
215,40385,UNSW_NB15_testing-set.csv#id=040435,0
216,27483,UNSW_NB15_testing-set.csv#id=027533,0
217,27513,UNSW_NB15_testing-set.csv#id=027563,0
218,67823,UNSW_NB15_testing-set.csv#id=068407,0
219,76547,UNSW_NB15_testing-set.csv#id=077131,0
220,75556,UNSW_NB15_testing-set.csv#id=076140,0
221,32882,UNSW_NB15_testing-set.csv#id=032932,0
222,27359,UNSW_NB15_testing-set.csv#id=027409,0
223,38419,UNSW_NB15_testing-set.csv#id=038469,0
224,79206,UNSW_NB15_testing-set.csv#id=079790,0
225,75408,UNSW_NB15_testing-set.csv#id=075992,0
226,70751,UNSW_NB15_testing-set.csv#id=071335,0
227,177,UNSW_NB15_testing-set.csv#id=000178,0
228,80493,UNSW_NB15_testing-set.csv#id=081077,0
229,68367,UNSW_NB15_testing-set.csv#id=068951,0
230,36703,UNSW_NB15_testing-set.csv#id=036753,0
231,28137,UNSW_NB15_testing-set.csv#id=028187,0
232,40436,UNSW_NB15_testing-set.csv#id=040486,0
233,66948,UNSW_NB15_testing-set.csv#id=067532,0
234,73023,UNSW_NB15_testing-set.csv#id=073607,0
235,36141,UNSW_NB15_testing-set.csv#id=036191,0
236,78671,UNSW_NB15_testing-set.csv#id=079255,0
237,79141,UNSW_NB15_testing-set.csv#id=079725,0
238,43107,UNSW_NB15_testing-set.csv#id=043157,0
239,29446,UNSW_NB15_testing-set.csv#id=029496,0
240,71193,UNSW_NB15_testing-set.csv#id=071777,0
241,27704,UNSW_NB15_testing-set.csv#id=027754,0
242,36960,UNSW_NB15_testing-set.csv#id=037010,0
243,71478,UNSW_NB15_testing-set.csv#id=072062,0
244,38939,UNSW_NB15_testing-set.csv#id=038989,0
245,43185,UNSW_NB15_testing-set.csv#id=043235,0
246,78680,UNSW_NB15_testing-set.csv#id=079264,0
247,26194,UNSW_NB15_testing-set.csv#id=026244,0
248,28424,UNSW_NB15_testing-set.csv#id=028474,0
249,79596,UNSW_NB15_testing-set.csv#id=080180,0
250,28781,UNSW_NB15_testing-set.csv#id=028831,0
251,81510,UNSW_NB15_testing-set.csv#id=082094,0
252,34467,UNSW_NB15_testing-set.csv#id=034517,0
253,42362,UNSW_NB15_testing-set.csv#id=042412,0
254,36271,UNSW_NB15_testing-set.csv#id=036321,0
255,73580,UNSW_NB15_testing-set.csv#id=074164,0
256,32876,UNSW_NB15_testing-set.csv#id=032926,0
257,67754,UNSW_NB15_testing-set.csv#id=068338,0
258,72397,UNSW_NB15_testing-set.csv#id=072981,0
259,74377,UNSW_NB15_testing-set.csv#id=074961,0
260,77324,UNSW_NB15_testing-set.csv#id=077908,0
261,71518,UNSW_NB15_testing-set.csv#id=072102,0
262,35166,UNSW_NB15_testing-set.csv#id=035216,0
263,71241,UNSW_NB15_testing-set.csv#id=071825,0
264,69091,UNSW_NB15_testing-set.csv#id=069675,0
265,30620,UNSW_NB15_testing-set.csv#id=030670,0
266,72831,UNSW_NB15_testing-set.csv#id=073415,0
267,78174,UNSW_NB15_testing-set.csv#id=078758,0
268,38250,UNSW_NB15_testing-set.csv#id=038300,0
269,71182,UNSW_NB15_testing-set.csv#id=071766,0
270,68610,UNSW_NB15_testing-set.csv#id=069194,0
271,40775,UNSW_NB15_testing-set.csv#id=040825,0
272,26249,UNSW_NB15_testing-set.csv#id=026299,0
273,70910,UNSW_NB15_testing-set.csv#id=071494,0
274,27315,UNSW_NB15_testing-set.csv#id=027365,0
275,73260,UNSW_NB15_testing-set.csv#id=073844,0
276,27411,UNSW_NB15_testing-set.csv#id=027461,0
277,75405,UNSW_NB15_testing-set.csv#id=075989,0
278,78533,UNSW_NB15_testing-set.csv#id=079117,0
279,28115,UNSW_NB15_testing-set.csv#id=028165,0
280,66502,UNSW_NB15_testing-set.csv#id=067086,0
281,31619,UNSW_NB15_testing-set.csv#id=031669,0
282,40924,UNSW_NB15_testing-set.csv#id=040974,0
283,41852,UNSW_NB15_testing-set.csv#id=041902,0
284,73749,UNSW_NB15_testing-set.csv#id=074333,0
285,78136,UNSW_NB15_testing-set.csv#id=078720,0
286,72469,UNSW_NB15_testing-set.csv#id=073053,0
287,71157,UNSW_NB15_testing-set.csv#id=071741,0
288,42033,UNSW_NB15_testing-set.csv#id=042083,0
289,81627,UNSW_NB15_testing-set.csv#id=082211,0
290,39979,UNSW_NB15_testing-set.csv#id=040029,0
291,40340,UNSW_NB15_testing-set.csv#id=040390,0
292,65524,UNSW_NB15_testing-set.csv#id=066108,0
293,23353,UNSW_NB15_testing-set.csv#id=023403,0
294,43572,UNSW_NB15_testing-set.csv#id=043622,0
295,27762,UNSW_NB15_testing-set.csv#id=027812,0
296,29285,UNSW_NB15_testing-set.csv#id=029335,0
297,29155,UNSW_NB15_testing-set.csv#id=029205,0
298,67115,UNSW_NB15_testing-set.csv#id=067699,0
299,41963,UNSW_NB15_testing-set.csv#id=042013,0
300,26518,UNSW_NB15_testing-set.csv#id=026568,0
301,24888,UNSW_NB15_testing-set.csv#id=024938,0
302,66170,UNSW_NB15_testing-set.csv#id=066754,0
303,70955,UNSW_NB15_testing-set.csv#id=071539,0
304,32267,UNSW_NB15_testing-set.csv#id=032317,0
305,26339,UNSW_NB15_testing-set.csv#id=026389,0
306,79096,UNSW_NB15_testing-set.csv#id=079680,0
307,78565,UNSW_NB15_testing-set.csv#id=079149,0
308,73618,UNSW_NB15_testing-set.csv#id=074202,0
309,80937,UNSW_NB15_testing-set.csv#id=081521,0
310,73166,UNSW_NB15_testing-set.csv#id=073750,0
311,39233,UNSW_NB15_testing-set.csv#id=039283,0
312,66307,UNSW_NB15_testing-set.csv#id=066891,0
313,37837,UNSW_NB15_testing-set.csv#id=037887,0
314,73833,UNSW_NB15_testing-set.csv#id=074417,0
315,29219,UNSW_NB15_testing-set.csv#id=029269,0
316,79572,UNSW_NB15_testing-set.csv#id=080156,0
317,79612,UNSW_NB15_testing-set.csv#id=080196,0
318,28058,UNSW_NB15_testing-set.csv#id=028108,0
319,71023,UNSW_NB15_testing-set.csv#id=071607,0
320,78743,UNSW_NB15_testing-set.csv#id=079327,0
321,42072,UNSW_NB15_testing-set.csv#id=042122,0
322,26137,UNSW_NB15_testing-set.csv#id=026187,0
323,65845,UNSW_NB15_testing-set.csv#id=066429,0
324,71110,UNSW_NB15_testing-set.csv#id=071694,0
325,67339,UNSW_NB15_testing-set.csv#id=067923,0
326,26522,UNSW_NB15_testing-set.csv#id=026572,0
327,67861,UNSW_NB15_testing-set.csv#id=068445,0
328,67068,UNSW_NB15_testing-set.csv#id=067652,0
329,79353,UNSW_NB15_testing-set.csv#id=079937,0
330,27867,UNSW_NB15_testing-set.csv#id=027917,0
331,78135,UNSW_NB15_testing-set.csv#id=078719,0
332,76021,UNSW_NB15_testing-set.csv#id=076605,0
333,41355,UNSW_NB15_testing-set.csv#id=041405,0
334,69994,UNSW_NB15_testing-set.csv#id=070578,0
335,66457,UNSW_NB15_testing-set.csv#id=067041,0
336,30422,UNSW_NB15_testing-set.csv#id=030472,0
337,24345,UNSW_NB15_testing-set.csv#id=024395,0
338,71454,UNSW_NB15_testing-set.csv#id=072038,0
339,29489,UNSW_NB15_testing-set.csv#id=029539,0
340,33539,UNSW_NB15_testing-set.csv#id=033589,0
341,25701,UNSW_NB15_testing-set.csv#id=025751,0
342,67751,UNSW_NB15_testing-set.csv#id=068335,0
343,72598,UNSW_NB15_testing-set.csv#id=073182,0
344,42429,UNSW_NB15_testing-set.csv#id=042479,0
345,43168,UNSW_NB15_testing-set.csv#id=043218,0
346,73986,UNSW_NB15_testing-set.csv#id=074570,0
347,30423,UNSW_NB15_testing-set.csv#id=030473,0
348,68469,UNSW_NB15_testing-set.csv#id=069053,0
349,40852,UNSW_NB15_testing-set.csv#id=040902,0
350,75595,UNSW_NB15_testing-set.csv#id=076179,0
351,79664,UNSW_NB15_testing-set.csv#id=080248,0
352,42532,UNSW_NB15_testing-set.csv#id=042582,0
353,39808,UNSW_NB15_testing-set.csv#id=039858,0
354,35005,UNSW_NB15_testing-set.csv#id=035055,0
355,72753,UNSW_NB15_testing-set.csv#id=073337,0
356,40552,UNSW_NB15_testing-set.csv#id=040602,0
357,75805,UNSW_NB15_testing-set.csv#id=076389,0
358,78066,UNSW_NB15_testing-set.csv#id=078650,0
359,69140,UNSW_NB15_testing-set.csv#id=069724,0
360,79250,UNSW_NB15_testing-set.csv#id=079834,0
361,73575,UNSW_NB15_testing-set.csv#id=074159,0
362,33863,UNSW_NB15_testing-set.csv#id=033913,0
363,31629,UNSW_NB15_testing-set.csv#id=031679,0
364,69686,UNSW_NB15_testing-set.csv#id=070270,0
365,29719,UNSW_NB15_testing-set.csv#id=029769,0
366,36867,UNSW_NB15_testing-set.csv#id=036917,0
367,38847,UNSW_NB15_testing-set.csv#id=038897,0
368,34978,UNSW_NB15_testing-set.csv#id=035028,0
369,71551,UNSW_NB15_testing-set.csv#id=072135,0
370,36394,UNSW_NB15_testing-set.csv#id=036444,0
371,41437,UNSW_NB15_testing-set.csv#id=041487,0
372,36435,UNSW_NB15_testing-set.csv#id=036485,0
373,35371,UNSW_NB15_testing-set.csv#id=035421,0
374,31527,UNSW_NB15_testing-set.csv#id=031577,0
375,66726,UNSW_NB15_testing-set.csv#id=067310,0
376,38233,UNSW_NB15_testing-set.csv#id=038283,0
377,29074,UNSW_NB15_testing-set.csv#id=029124,0
378,40452,UNSW_NB15_testing-set.csv#id=040502,0
379,38843,UNSW_NB15_testing-set.csv#id=038893,0
380,28152,UNSW_NB15_testing-set.csv#id=028202,0
381,25292,UNSW_NB15_testing-set.csv#id=025342,0
382,32762,UNSW_NB15_testing-set.csv#id=032812,0
383,32156,UNSW_NB15_testing-set.csv#id=032206,0
384,68019,UNSW_NB15_testing-set.csv#id=068603,0
385,69715,UNSW_NB15_testing-set.csv#id=070299,0
386,37080,UNSW_NB15_testing-set.csv#id=037130,0
387,73282,UNSW_NB15_testing-set.csv#id=073866,0
388,39908,UNSW_NB15_testing-set.csv#id=039958,0
389,75087,UNSW_NB15_testing-set.csv#id=075671,0
390,75956,UNSW_NB15_testing-set.csv#id=076540,0
391,79939,UNSW_NB15_testing-set.csv#id=080523,0
392,41782,UNSW_NB15_testing-set.csv#id=041832,0
393,34826,UNSW_NB15_testing-set.csv#id=034876,0
394,42578,UNSW_NB15_testing-set.csv#id=042628,0
395,74814,UNSW_NB15_testing-set.csv#id=075398,0
396,27965,UNSW_NB15_testing-set.csv#id=028015,0
397,71648,UNSW_NB15_testing-set.csv#id=072232,0
398,73103,UNSW_NB15_testing-set.csv#id=073687,0
399,67181,UNSW_NB15_testing-set.csv#id=067765,0
400,68136,UNSW_NB15_testing-set.csv#id=068720,0
401,67602,UNSW_NB15_testing-set.csv#id=068186,0
402,73124,UNSW_NB15_testing-set.csv#id=073708,0
403,65840,UNSW_NB15_testing-set.csv#id=066424,0
404,73946,UNSW_NB15_testing-set.csv#id=074530,0
405,34743,UNSW_NB15_testing-set.csv#id=034793,0
406,80412,UNSW_NB15_testing-set.csv#id=080996,0
407,31801,UNSW_NB15_testing-set.csv#id=031851,0
408,77613,UNSW_NB15_testing-set.csv#id=078197,0
409,73902,UNSW_NB15_testing-set.csv#id=074486,0
410,75464,UNSW_NB15_testing-set.csv#id=076048,0
411,75230,UNSW_NB15_testing-set.csv#id=075814,0
412,26677,UNSW_NB15_testing-set.csv#id=026727,0
413,69852,UNSW_NB15_testing-set.csv#id=070436,0
414,81222,UNSW_NB15_testing-set.csv#id=081806,0
415,37783,UNSW_NB15_testing-set.csv#id=037833,0
416,24960,UNSW_NB15_testing-set.csv#id=025010,0
417,26955,UNSW_NB15_testing-set.csv#id=027005,0
418,75102,UNSW_NB15_testing-set.csv#id=075686,0
419,26466,UNSW_NB15_testing-set.csv#id=026516,0
420,26770,UNSW_NB15_testing-set.csv#id=026820,0
421,77293,UNSW_NB15_testing-set.csv#id=077877,0
422,42144,UNSW_NB15_testing-set.csv#id=042194,0
423,78470,UNSW_NB15_testing-set.csv#id=079054,0
424,36676,UNSW_NB15_testing-set.csv#id=036726,0
425,23325,UNSW_NB15_testing-set.csv#id=023375,0
426,24862,UNSW_NB15_testing-set.csv#id=024912,0
427,33350,UNSW_NB15_testing-set.csv#id=033400,0
428,38232,UNSW_NB15_testing-set.csv#id=038282,0
429,79315,UNSW_NB15_testing-set.csv#id=079899,0
430,65559,UNSW_NB15_testing-set.csv#id=066143,0
431,68158,UNSW_NB15_testing-set.csv#id=068742,0
432,32153,UNSW_NB15_testing-set.csv#id=032203,0
433,31377,UNSW_NB15_testing-set.csv#id=031427,0
434,31693,UNSW_NB15_testing-set.csv#id=031743,0
435,77144,UNSW_NB15_testing-set.csv#id=077728,0
436,29681,UNSW_NB15_testing-set.csv#id=029731,0
437,41034,UNSW_NB15_testing-set.csv#id=041084,0
438,24652,UNSW_NB15_testing-set.csv#id=024702,0
439,42618,UNSW_NB15_testing-set.csv#id=042668,0
440,75765,UNSW_NB15_testing-set.csv#id=076349,0
441,73634,UNSW_NB15_testing-set.csv#id=074218,0
442,76636,UNSW_NB15_testing-set.csv#id=077220,0
443,71572,UNSW_NB15_testing-set.csv#id=072156,0
444,41455,UNSW_NB15_testing-set.csv#id=041505,0
445,80627,UNSW_NB15_testing-set.csv#id=081211,0
446,34657,UNSW_NB15_testing-set.csv#id=034707,0
447,74935,UNSW_NB15_testing-set.csv#id=075519,0
448,37415,UNSW_NB15_testing-set.csv#id=037465,0
449,74022,UNSW_NB15_testing-set.csv#id=074606,0
450,69561,UNSW_NB15_testing-set.csv#id=070145,0
451,41877,UNSW_NB15_testing-set.csv#id=041927,0
452,66297,UNSW_NB15_testing-set.csv#id=066881,0
453,38716,UNSW_NB15_testing-set.csv#id=038766,0
454,25014,UNSW_NB15_testing-set.csv#id=025064,0
455,75043,UNSW_NB15_testing-set.csv#id=075627,0
456,29434,UNSW_NB15_testing-set.csv#id=029484,0
457,30170,UNSW_NB15_testing-set.csv#id=030220,0
458,25087,UNSW_NB15_testing-set.csv#id=025137,0
459,70600,UNSW_NB15_testing-set.csv#id=071184,0
460,23839,UNSW_NB15_testing-set.csv#id=023889,0
461,42767,UNSW_NB15_testing-set.csv#id=042817,0
462,27279,UNSW_NB15_testing-set.csv#id=027329,0
463,39683,UNSW_NB15_testing-set.csv#id=039733,0
464,28669,UNSW_NB15_testing-set.csv#id=028719,0
465,65805,UNSW_NB15_testing-set.csv#id=066389,0
466,33450,UNSW_NB15_testing-set.csv#id=033500,0
467,28751,UNSW_NB15_testing-set.csv#id=028801,0
468,29104,UNSW_NB15_testing-set.csv#id=029154,0
469,66578,UNSW_NB15_testing-set.csv#id=067162,0
470,78337,UNSW_NB15_testing-set.csv#id=078921,0
471,78130,UNSW_NB15_testing-set.csv#id=078714,0
472,28315,UNSW_NB15_testing-set.csv#id=028365,0
473,78427,UNSW_NB15_testing-set.csv#id=079011,0
474,34387,UNSW_NB15_testing-set.csv#id=034437,0
475,34693,UNSW_NB15_testing-set.csv#id=034743,0
476,74830,UNSW_NB15_testing-set.csv#id=075414,0
477,30082,UNSW_NB15_testing-set.csv#id=030132,0
478,28400,UNSW_NB15_testing-set.csv#id=028450,0
479,36122,UNSW_NB15_testing-set.csv#id=036172,0
480,66434,UNSW_NB15_testing-set.csv#id=067018,0
481,40412,UNSW_NB15_testing-set.csv#id=040462,0
482,25496,UNSW_NB15_testing-set.csv#id=025546,0
483,76914,UNSW_NB15_testing-set.csv#id=077498,0
484,26909,UNSW_NB15_testing-set.csv#id=026959,0
485,79744,UNSW_NB15_testing-set.csv#id=080328,0
486,74543,UNSW_NB15_testing-set.csv#id=075127,0
487,75430,UNSW_NB15_testing-set.csv#id=076014,0
488,71970,UNSW_NB15_testing-set.csv#id=072554,0
489,81041,UNSW_NB15_testing-set.csv#id=081625,0
490,31704,UNSW_NB15_testing-set.csv#id=031754,0
491,32873,UNSW_NB15_testing-set.csv#id=032923,0
492,32112,UNSW_NB15_testing-set.csv#id=032162,0
493,42446,UNSW_NB15_testing-set.csv#id=042496,0
494,39632,UNSW_NB15_testing-set.csv#id=039682,0
495,33070,UNSW_NB15_testing-set.csv#id=033120,0
496,76409,UNSW_NB15_testing-set.csv#id=076993,0
497,79882,UNSW_NB15_testing-set.csv#id=080466,0
498,68543,UNSW_NB15_testing-set.csv#id=069127,0
499,27219,UNSW_NB15_testing-set.csv#id=027269,0
500,38613,UNSW_NB15_testing-set.csv#id=038663,0
501,78567,UNSW_NB15_testing-set.csv#id=079151,0
502,36726,UNSW_NB15_testing-set.csv#id=036776,0
503,27408,UNSW_NB15_testing-set.csv#id=027458,0
504,38128,UNSW_NB15_testing-set.csv#id=038178,0
505,33649,UNSW_NB15_testing-set.csv#id=033699,0
506,66766,UNSW_NB15_testing-set.csv#id=067350,0
507,72252,UNSW_NB15_testing-set.csv#id=072836,0
508,76429,UNSW_NB15_testing-set.csv#id=077013,0
509,78821,UNSW_NB15_testing-set.csv#id=079405,0
510,66875,UNSW_NB15_testing-set.csv#id=067459,0
511,72686,UNSW_NB15_testing-set.csv#id=073270,0
512,42447,UNSW_NB15_testing-set.csv#id=042497,0
513,35272,UNSW_NB15_testing-set.csv#id=035322,0
514,31562,UNSW_NB15_testing-set.csv#id=031612,0
515,39975,UNSW_NB15_testing-set.csv#id=040025,0
516,73846,UNSW_NB15_testing-set.csv#id=074430,0
517,32216,UNSW_NB15_testing-set.csv#id=032266,0
518,75038,UNSW_NB15_testing-set.csv#id=075622,0
519,33583,UNSW_NB15_testing-set.csv#id=033633,0
520,27054,UNSW_NB15_testing-set.csv#id=027104,0
521,68983,UNSW_NB15_testing-set.csv#id=069567,0
522,23719,UNSW_NB15_testing-set.csv#id=023769,0
523,75684,UNSW_NB15_testing-set.csv#id=076268,0
524,73412,UNSW_NB15_testing-set.csv#id=073996,0
525,67917,UNSW_NB15_testing-set.csv#id=068501,0
526,40140,UNSW_NB15_testing-set.csv#id=040190,0
527,38851,UNSW_NB15_testing-set.csv#id=038901,0
528,74131,UNSW_NB15_testing-set.csv#id=074715,0
529,71720,UNSW_NB15_testing-set.csv#id=072304,0
530,78833,UNSW_NB15_testing-set.csv#id=079417,0
531,29697,UNSW_NB15_testing-set.csv#id=029747,0
532,66524,UNSW_NB15_testing-set.csv#id=067108,0
533,29131,UNSW_NB15_testing-set.csv#id=029181,0
534,80050,UNSW_NB15_testing-set.csv#id=080634,0
535,237,UNSW_NB15_testing-set.csv#id=000238,0
536,38381,UNSW_NB15_testing-set.csv#id=038431,0
537,72109,UNSW_NB15_testing-set.csv#id=072693,0
538,28195,UNSW_NB15_testing-set.csv#id=028245,0
539,71179,UNSW_NB15_testing-set.csv#id=071763,0
540,26937,UNSW_NB15_testing-set.csv#id=026987,0
541,75473,UNSW_NB15_testing-set.csv#id=076057,0
542,67916,UNSW_NB15_testing-set.csv#id=068500,0
543,28484,UNSW_NB15_testing-set.csv#id=028534,0
544,43357,UNSW_NB15_testing-set.csv#id=043407,0
545,66564,UNSW_NB15_testing-set.csv#id=067148,0
546,23976,UNSW_NB15_testing-set.csv#id=024026,0
547,41311,UNSW_NB15_testing-set.csv#id=041361,0
548,78549,UNSW_NB15_testing-set.csv#id=079133,0
549,79847,UNSW_NB15_testing-set.csv#id=080431,0
550,33537,UNSW_NB15_testing-set.csv#id=033587,0
551,42112,UNSW_NB15_testing-set.csv#id=042162,0
552,79679,UNSW_NB15_testing-set.csv#id=080263,0
553,34536,UNSW_NB15_testing-set.csv#id=034586,0
554,68980,UNSW_NB15_testing-set.csv#id=069564,0
555,41652,UNSW_NB15_testing-set.csv#id=041702,0
556,40929,UNSW_NB15_testing-set.csv#id=040979,0
557,27901,UNSW_NB15_testing-set.csv#id=027951,0
558,34070,UNSW_NB15_testing-set.csv#id=034120,0
559,80326,UNSW_NB15_testing-set.csv#id=080910,0
560,37603,UNSW_NB15_testing-set.csv#id=037653,0
561,26024,UNSW_NB15_testing-set.csv#id=026074,0
562,78663,UNSW_NB15_testing-set.csv#id=079247,0
563,65491,UNSW_NB15_testing-set.csv#id=066075,0
564,27593,UNSW_NB15_testing-set.csv#id=027643,0
565,38931,UNSW_NB15_testing-set.csv#id=038981,0
566,27860,UNSW_NB15_testing-set.csv#id=027910,0
567,74952,UNSW_NB15_testing-set.csv#id=075536,0
568,71772,UNSW_NB15_testing-set.csv#id=072356,0
569,26154,UNSW_NB15_testing-set.csv#id=026204,0
570,70912,UNSW_NB15_testing-set.csv#id=071496,0
571,23986,UNSW_NB15_testing-set.csv#id=024036,0
572,74158,UNSW_NB15_testing-set.csv#id=074742,0
573,76360,UNSW_NB15_testing-set.csv#id=076944,0
574,30374,UNSW_NB15_testing-set.csv#id=030424,0
575,38321,UNSW_NB15_testing-set.csv#id=038371,0
576,66004,UNSW_NB15_testing-set.csv#id=066588,0
577,72774,UNSW_NB15_testing-set.csv#id=073358,0
578,70144,UNSW_NB15_testing-set.csv#id=070728,0
579,78677,UNSW_NB15_testing-set.csv#id=079261,0
580,41590,UNSW_NB15_testing-set.csv#id=041640,0
581,33915,UNSW_NB15_testing-set.csv#id=033965,0
582,27524,UNSW_NB15_testing-set.csv#id=027574,0
583,80210,UNSW_NB15_testing-set.csv#id=080794,0
584,69541,UNSW_NB15_testing-set.csv#id=070125,0
585,23725,UNSW_NB15_testing-set.csv#id=023775,0
586,27890,UNSW_NB15_testing-set.csv#id=027940,0
587,33286,UNSW_NB15_testing-set.csv#id=033336,0
588,31470,UNSW_NB15_testing-set.csv#id=031520,0
589,29444,UNSW_NB15_testing-set.csv#id=029494,0
590,23577,UNSW_NB15_testing-set.csv#id=023627,0
591,78939,UNSW_NB15_testing-set.csv#id=079523,0
592,28333,UNSW_NB15_testing-set.csv#id=028383,0
593,38938,UNSW_NB15_testing-set.csv#id=038988,0
594,41392,UNSW_NB15_testing-set.csv#id=041442,0
595,41340,UNSW_NB15_testing-set.csv#id=041390,0
596,80314,UNSW_NB15_testing-set.csv#id=080898,0
597,34794,UNSW_NB15_testing-set.csv#id=034844,0
598,73201,UNSW_NB15_testing-set.csv#id=073785,0
599,81276,UNSW_NB15_testing-set.csv#id=081860,0
600,34426,UNSW_NB15_testing-set.csv#id=034476,0
601,33335,UNSW_NB15_testing-set.csv#id=033385,0
602,30258,UNSW_NB15_testing-set.csv#id=030308,0
603,24707,UNSW_NB15_testing-set.csv#id=024757,0
604,76762,UNSW_NB15_testing-set.csv#id=077346,0
605,71102,UNSW_NB15_testing-set.csv#id=071686,0
606,66690,UNSW_NB15_testing-set.csv#id=067274,0
607,36510,UNSW_NB15_testing-set.csv#id=036560,0
608,29630,UNSW_NB15_testing-set.csv#id=029680,0
609,72087,UNSW_NB15_testing-set.csv#id=072671,0
610,28679,UNSW_NB15_testing-set.csv#id=028729,0
611,77403,UNSW_NB15_testing-set.csv#id=077987,0
612,75178,UNSW_NB15_testing-set.csv#id=075762,0
613,25544,UNSW_NB15_testing-set.csv#id=025594,0
614,27562,UNSW_NB15_testing-set.csv#id=027612,0
615,24236,UNSW_NB15_testing-set.csv#id=024286,0
616,31891,UNSW_NB15_testing-set.csv#id=031941,0
617,79453,UNSW_NB15_testing-set.csv#id=080037,0
618,79054,UNSW_NB15_testing-set.csv#id=079638,0
619,194,UNSW_NB15_testing-set.csv#id=000195,0
620,32679,UNSW_NB15_testing-set.csv#id=032729,0
621,36984,UNSW_NB15_testing-set.csv#id=037034,0
622,72098,UNSW_NB15_testing-set.csv#id=072682,0
623,71726,UNSW_NB15_testing-set.csv#id=072310,0
624,26527,UNSW_NB15_testing-set.csv#id=026577,0
625,77210,UNSW_NB15_testing-set.csv#id=077794,0
626,36753,UNSW_NB15_testing-set.csv#id=036803,0
627,38093,UNSW_NB15_testing-set.csv#id=038143,0
628,68984,UNSW_NB15_testing-set.csv#id=069568,0
629,35360,UNSW_NB15_testing-set.csv#id=035410,0
630,73028,UNSW_NB15_testing-set.csv#id=073612,0
631,23878,UNSW_NB15_testing-set.csv#id=023928,0
632,34641,UNSW_NB15_testing-set.csv#id=034691,0
633,40269,UNSW_NB15_testing-set.csv#id=040319,0
634,42076,UNSW_NB15_testing-set.csv#id=042126,0
635,27317,UNSW_NB15_testing-set.csv#id=027367,0
636,77482,UNSW_NB15_testing-set.csv#id=078066,0
637,31253,UNSW_NB15_testing-set.csv#id=031303,0
638,77386,UNSW_NB15_testing-set.csv#id=077970,0
639,75733,UNSW_NB15_testing-set.csv#id=076317,0
640,72178,UNSW_NB15_testing-set.csv#id=072762,0
641,26399,UNSW_NB15_testing-set.csv#id=026449,0
642,77422,UNSW_NB15_testing-set.csv#id=078006,0
643,28621,UNSW_NB15_testing-set.csv#id=028671,0
644,81114,UNSW_NB15_testing-set.csv#id=081698,0
645,80272,UNSW_NB15_testing-set.csv#id=080856,0
646,39013,UNSW_NB15_testing-set.csv#id=039063,0
647,34018,UNSW_NB15_testing-set.csv#id=034068,0
648,24713,UNSW_NB15_testing-set.csv#id=024763,0
649,42608,UNSW_NB15_testing-set.csv#id=042658,0
650,29101,UNSW_NB15_testing-set.csv#id=029151,0
651,29691,UNSW_NB15_testing-set.csv#id=029741,0
652,79057,UNSW_NB15_testing-set.csv#id=079641,0
653,81087,UNSW_NB15_testing-set.csv#id=081671,0
654,32450,UNSW_NB15_testing-set.csv#id=032500,0
655,77942,UNSW_NB15_testing-set.csv#id=078526,0
656,41948,UNSW_NB15_testing-set.csv#id=041998,0
657,67545,UNSW_NB15_testing-set.csv#id=068129,0
658,33732,UNSW_NB15_testing-set.csv#id=033782,0
659,68021,UNSW_NB15_testing-set.csv#id=068605,0
660,79683,UNSW_NB15_testing-set.csv#id=080267,0
661,30500,UNSW_NB15_testing-set.csv#id=030550,0
662,34695,UNSW_NB15_testing-set.csv#id=034745,0
663,80064,UNSW_NB15_testing-set.csv#id=080648,0
664,74383,UNSW_NB15_testing-set.csv#id=074967,0
665,39935,UNSW_NB15_testing-set.csv#id=039985,0
666,75174,UNSW_NB15_testing-set.csv#id=075758,0
667,34433,UNSW_NB15_testing-set.csv#id=034483,0
668,36669,UNSW_NB15_testing-set.csv#id=036719,0
669,43119,UNSW_NB15_testing-set.csv#id=043169,0
670,43414,UNSW_NB15_testing-set.csv#id=043464,0
671,28248,UNSW_NB15_testing-set.csv#id=028298,0
672,24440,UNSW_NB15_testing-set.csv#id=024490,0
673,31739,UNSW_NB15_testing-set.csv#id=031789,0
674,31511,UNSW_NB15_testing-set.csv#id=031561,0
675,80513,UNSW_NB15_testing-set.csv#id=081097,0
676,78345,UNSW_NB15_testing-set.csv#id=078929,0
677,67292,UNSW_NB15_testing-set.csv#id=067876,0
678,27019,UNSW_NB15_testing-set.csv#id=027069,0
679,34830,UNSW_NB15_testing-set.csv#id=034880,0
680,72943,UNSW_NB15_testing-set.csv#id=073527,0
681,79184,UNSW_NB15_testing-set.csv#id=079768,0
682,71417,UNSW_NB15_testing-set.csv#id=072001,0
683,71539,UNSW_NB15_testing-set.csv#id=072123,0
684,68939,UNSW_NB15_testing-set.csv#id=069523,0
685,32014,UNSW_NB15_testing-set.csv#id=032064,0
686,33385,UNSW_NB15_testing-set.csv#id=033435,0
687,27429,UNSW_NB15_testing-set.csv#id=027479,0
688,69412,UNSW_NB15_testing-set.csv#id=069996,0
689,69184,UNSW_NB15_testing-set.csv#id=069768,0
690,27051,UNSW_NB15_testing-set.csv#id=027101,0
691,34651,UNSW_NB15_testing-set.csv#id=034701,0
692,43397,UNSW_NB15_testing-set.csv#id=043447,0
693,34156,UNSW_NB15_testing-set.csv#id=034206,0
694,28214,UNSW_NB15_testing-set.csv#id=028264,0
695,42987,UNSW_NB15_testing-set.csv#id=043037,0
696,77635,UNSW_NB15_testing-set.csv#id=078219,0
697,23431,UNSW_NB15_testing-set.csv#id=023481,0
698,75073,UNSW_NB15_testing-set.csv#id=075657,0
699,36414,UNSW_NB15_testing-set.csv#id=036464,0
700,23861,UNSW_NB15_testing-set.csv#id=023911,0
701,33511,UNSW_NB15_testing-set.csv#id=033561,0
702,39177,UNSW_NB15_testing-set.csv#id=039227,0
703,75939,UNSW_NB15_testing-set.csv#id=076523,0
704,42179,UNSW_NB15_testing-set.csv#id=042229,0
705,43072,UNSW_NB15_testing-set.csv#id=043122,0
706,35238,UNSW_NB15_testing-set.csv#id=035288,0
707,79760,UNSW_NB15_testing-set.csv#id=080344,0
708,32868,UNSW_NB15_testing-set.csv#id=032918,0
709,74395,UNSW_NB15_testing-set.csv#id=074979,0
710,40450,UNSW_NB15_testing-set.csv#id=040500,0
711,42974,UNSW_NB15_testing-set.csv#id=043024,0
712,65738,UNSW_NB15_testing-set.csv#id=066322,0
713,28979,UNSW_NB15_testing-set.csv#id=029029,0
714,79181,UNSW_NB15_testing-set.csv#id=079765,0
715,39265,UNSW_NB15_testing-set.csv#id=039315,0
716,41085,UNSW_NB15_testing-set.csv#id=041135,0
717,69391,UNSW_NB15_testing-set.csv#id=069975,0
718,40937,UNSW_NB15_testing-set.csv#id=040987,0
719,33197,UNSW_NB15_testing-set.csv#id=033247,0
720,26105,UNSW_NB15_testing-set.csv#id=026155,0
721,25453,UNSW_NB15_testing-set.csv#id=025503,0
722,73493,UNSW_NB15_testing-set.csv#id=074077,0
723,40222,UNSW_NB15_testing-set.csv#id=040272,0
724,40780,UNSW_NB15_testing-set.csv#id=040830,0
725,38425,UNSW_NB15_testing-set.csv#id=038475,0
726,79954,UNSW_NB15_testing-set.csv#id=080538,0
727,28632,UNSW_NB15_testing-set.csv#id=028682,0
728,23905,UNSW_NB15_testing-set.csv#id=023955,0
729,33894,UNSW_NB15_testing-set.csv#id=033944,0
730,66453,UNSW_NB15_testing-set.csv#id=067037,0
731,67245,UNSW_NB15_testing-set.csv#id=067829,0
732,35809,UNSW_NB15_testing-set.csv#id=035859,0
733,39489,UNSW_NB15_testing-set.csv#id=039539,0
734,66094,UNSW_NB15_testing-set.csv#id=066678,0
735,81106,UNSW_NB15_testing-set.csv#id=081690,0
736,78735,UNSW_NB15_testing-set.csv#id=079319,0
737,34089,UNSW_NB15_testing-set.csv#id=034139,0
738,29335,UNSW_NB15_testing-set.csv#id=029385,0
739,73901,UNSW_NB15_testing-set.csv#id=074485,0
740,66339,UNSW_NB15_testing-set.csv#id=066923,0
741,29504,UNSW_NB15_testing-set.csv#id=029554,0
742,26867,UNSW_NB15_testing-set.csv#id=026917,0
743,69650,UNSW_NB15_testing-set.csv#id=070234,0
744,28378,UNSW_NB15_testing-set.csv#id=028428,0
745,69023,UNSW_NB15_testing-set.csv#id=069607,0
746,35189,UNSW_NB15_testing-set.csv#id=035239,0
747,29984,UNSW_NB15_testing-set.csv#id=030034,0
748,41221,UNSW_NB15_testing-set.csv#id=041271,0
749,29663,UNSW_NB15_testing-set.csv#id=029713,0
750,24597,UNSW_NB15_testing-set.csv#id=024647,0
751,73668,UNSW_NB15_testing-set.csv#id=074252,0
752,38350,UNSW_NB15_testing-set.csv#id=038400,0
753,72589,UNSW_NB15_testing-set.csv#id=073173,0
754,26171,UNSW_NB15_testing-set.csv#id=026221,0
755,67859,UNSW_NB15_testing-set.csv#id=068443,0
756,68635,UNSW_NB15_testing-set.csv#id=069219,0
757,26548,UNSW_NB15_testing-set.csv#id=026598,0
758,66219,UNSW_NB15_testing-set.csv#id=066803,0
759,28222,UNSW_NB15_testing-set.csv#id=028272,0
760,67809,UNSW_NB15_testing-set.csv#id=068393,0
761,34415,UNSW_NB15_testing-set.csv#id=034465,0
762,38953,UNSW_NB15_testing-set.csv#id=039003,0
763,69134,UNSW_NB15_testing-set.csv#id=069718,0
764,71200,UNSW_NB15_testing-set.csv#id=071784,0
765,41184,UNSW_NB15_testing-set.csv#id=041234,0
766,72637,UNSW_NB15_testing-set.csv#id=073221,0
767,23785,UNSW_NB15_testing-set.csv#id=023835,0
768,76245,UNSW_NB15_testing-set.csv#id=076829,0
769,40100,UNSW_NB15_testing-set.csv#id=040150,0
770,29568,UNSW_NB15_testing-set.csv#id=029618,0
771,43178,UNSW_NB15_testing-set.csv#id=043228,0
772,66048,UNSW_NB15_testing-set.csv#id=066632,0
773,74486,UNSW_NB15_testing-set.csv#id=075070,0
774,34319,UNSW_NB15_testing-set.csv#id=034369,0
775,71287,UNSW_NB15_testing-set.csv#id=071871,0
776,30510,UNSW_NB15_testing-set.csv#id=030560,0
777,70641,UNSW_NB15_testing-set.csv#id=071225,0
778,39830,UNSW_NB15_testing-set.csv#id=039880,0
779,27760,UNSW_NB15_testing-set.csv#id=027810,0
780,77947,UNSW_NB15_testing-set.csv#id=078531,0
781,39510,UNSW_NB15_testing-set.csv#id=039560,0
782,26613,UNSW_NB15_testing-set.csv#id=026663,0
783,25983,UNSW_NB15_testing-set.csv#id=026033,0
784,33082,UNSW_NB15_testing-set.csv#id=033132,0
785,71857,UNSW_NB15_testing-set.csv#id=072441,0
786,39598,UNSW_NB15_testing-set.csv#id=039648,0
787,73774,UNSW_NB15_testing-set.csv#id=074358,0
788,71122,UNSW_NB15_testing-set.csv#id=071706,0
789,32675,UNSW_NB15_testing-set.csv#id=032725,0
790,73400,UNSW_NB15_testing-set.csv#id=073984,0
791,32763,UNSW_NB15_testing-set.csv#id=032813,0
792,80407,UNSW_NB15_testing-set.csv#id=080991,0
793,72868,UNSW_NB15_testing-set.csv#id=073452,0
794,32850,UNSW_NB15_testing-set.csv#id=032900,0
795,39899,UNSW_NB15_testing-set.csv#id=039949,0
796,70496,UNSW_NB15_testing-set.csv#id=071080,0
797,41285,UNSW_NB15_testing-set.csv#id=041335,0
798,78183,UNSW_NB15_testing-set.csv#id=078767,0
799,36546,UNSW_NB15_testing-set.csv#id=036596,0
800,80147,UNSW_NB15_testing-set.csv#id=080731,0
801,35541,UNSW_NB15_testing-set.csv#id=035591,0
802,27410,UNSW_NB15_testing-set.csv#id=027460,0
803,35676,UNSW_NB15_testing-set.csv#id=035726,0
804,26293,UNSW_NB15_testing-set.csv#id=026343,0
805,80071,UNSW_NB15_testing-set.csv#id=080655,0
806,36385,UNSW_NB15_testing-set.csv#id=036435,0
807,67098,UNSW_NB15_testing-set.csv#id=067682,0
808,67949,UNSW_NB15_testing-set.csv#id=068533,0
809,69916,UNSW_NB15_testing-set.csv#id=070500,0
810,34166,UNSW_NB15_testing-set.csv#id=034216,0
811,31857,UNSW_NB15_testing-set.csv#id=031907,0
812,37094,UNSW_NB15_testing-set.csv#id=037144,0
813,29187,UNSW_NB15_testing-set.csv#id=029237,0
814,39493,UNSW_NB15_testing-set.csv#id=039543,0
815,41314,UNSW_NB15_testing-set.csv#id=041364,0
816,70385,UNSW_NB15_testing-set.csv#id=070969,0
817,41378,UNSW_NB15_testing-set.csv#id=041428,0
818,28675,UNSW_NB15_testing-set.csv#id=028725,0
819,79288,UNSW_NB15_testing-set.csv#id=079872,0
820,41516,UNSW_NB15_testing-set.csv#id=041566,0
821,77911,UNSW_NB15_testing-set.csv#id=078495,0
822,29006,UNSW_NB15_testing-set.csv#id=029056,0
823,71153,UNSW_NB15_testing-set.csv#id=071737,0
824,40076,UNSW_NB15_testing-set.csv#id=040126,0
825,70408,UNSW_NB15_testing-set.csv#id=070992,0
826,71351,UNSW_NB15_testing-set.csv#id=071935,0
827,73163,UNSW_NB15_testing-set.csv#id=073747,0
828,26384,UNSW_NB15_testing-set.csv#id=026434,0
829,26977,UNSW_NB15_testing-set.csv#id=027027,0
830,23904,UNSW_NB15_testing-set.csv#id=023954,0
831,35380,UNSW_NB15_testing-set.csv#id=035430,0
832,29218,UNSW_NB15_testing-set.csv#id=029268,0
833,34899,UNSW_NB15_testing-set.csv#id=034949,0
834,74733,UNSW_NB15_testing-set.csv#id=075317,0
835,38463,UNSW_NB15_testing-set.csv#id=038513,0
836,38038,UNSW_NB15_testing-set.csv#id=038088,0
837,38141,UNSW_NB15_testing-set.csv#id=038191,0
838,69221,UNSW_NB15_testing-set.csv#id=069805,0
839,81445,UNSW_NB15_testing-set.csv#id=082029,0
840,73628,UNSW_NB15_testing-set.csv#id=074212,0
841,41673,UNSW_NB15_testing-set.csv#id=041723,0
842,65271,UNSW_NB15_testing-set.csv#id=065855,0
843,27720,UNSW_NB15_testing-set.csv#id=027770,0
844,69137,UNSW_NB15_testing-set.csv#id=069721,0
845,39070,UNSW_NB15_testing-set.csv#id=039120,0
846,33886,UNSW_NB15_testing-set.csv#id=033936,0
847,78562,UNSW_NB15_testing-set.csv#id=079146,0
848,33436,UNSW_NB15_testing-set.csv#id=033486,0
849,81624,UNSW_NB15_testing-set.csv#id=082208,0
850,25216,UNSW_NB15_testing-set.csv#id=025266,0
851,75029,UNSW_NB15_testing-set.csv#id=075613,0
852,31689,UNSW_NB15_testing-set.csv#id=031739,0
853,24346,UNSW_NB15_testing-set.csv#id=024396,0
854,76201,UNSW_NB15_testing-set.csv#id=076785,0
855,81334,UNSW_NB15_testing-set.csv#id=081918,0
856,38125,UNSW_NB15_testing-set.csv#id=038175,0
857,33261,UNSW_NB15_testing-set.csv#id=033311,0
858,30977,UNSW_NB15_testing-set.csv#id=031027,0
859,80972,UNSW_NB15_testing-set.csv#id=081556,0
860,39165,UNSW_NB15_testing-set.csv#id=039215,0
861,35877,UNSW_NB15_testing-set.csv#id=035927,0
862,24204,UNSW_NB15_testing-set.csv#id=024254,0
863,66972,UNSW_NB15_testing-set.csv#id=067556,0
864,34273,UNSW_NB15_testing-set.csv#id=034323,0
865,74054,UNSW_NB15_testing-set.csv#id=074638,0
866,65365,UNSW_NB15_testing-set.csv#id=065949,0
867,26407,UNSW_NB15_testing-set.csv#id=026457,0
868,43477,UNSW_NB15_testing-set.csv#id=043527,0
869,65594,UNSW_NB15_testing-set.csv#id=066178,0
870,68151,UNSW_NB15_testing-set.csv#id=068735,0
871,65935,UNSW_NB15_testing-set.csv#id=066519,0
872,72956,UNSW_NB15_testing-set.csv#id=073540,0
873,25988,UNSW_NB15_testing-set.csv#id=026038,0
874,65592,UNSW_NB15_testing-set.csv#id=066176,0
875,76280,UNSW_NB15_testing-set.csv#id=076864,0
876,40440,UNSW_NB15_testing-set.csv#id=040490,0
877,68883,UNSW_NB15_testing-set.csv#id=069467,0
878,69399,UNSW_NB15_testing-set.csv#id=069983,0
879,39280,UNSW_NB15_testing-set.csv#id=039330,0
880,27291,UNSW_NB15_testing-set.csv#id=027341,0
881,32121,UNSW_NB15_testing-set.csv#id=032171,0
882,28224,UNSW_NB15_testing-set.csv#id=028274,0
883,24442,UNSW_NB15_testing-set.csv#id=024492,0
884,65727,UNSW_NB15_testing-set.csv#id=066311,0
885,41717,UNSW_NB15_testing-set.csv#id=041767,0
886,39996,UNSW_NB15_testing-set.csv#id=040046,0
887,43564,UNSW_NB15_testing-set.csv#id=043614,0
888,73549,UNSW_NB15_testing-set.csv#id=074133,0
889,33291,UNSW_NB15_testing-set.csv#id=033341,0
890,70763,UNSW_NB15_testing-set.csv#id=071347,0
891,40465,UNSW_NB15_testing-set.csv#id=040515,0
892,69277,UNSW_NB15_testing-set.csv#id=069861,0
893,73539,UNSW_NB15_testing-set.csv#id=074123,0
894,73782,UNSW_NB15_testing-set.csv#id=074366,0
895,74149,UNSW_NB15_testing-set.csv#id=074733,0
896,23339,UNSW_NB15_testing-set.csv#id=023389,0
897,74448,UNSW_NB15_testing-set.csv#id=075032,0
898,30444,UNSW_NB15_testing-set.csv#id=030494,0
899,75476,UNSW_NB15_testing-set.csv#id=076060,0
900,28225,UNSW_NB15_testing-set.csv#id=028275,0
901,68246,UNSW_NB15_testing-set.csv#id=068830,0
902,69935,UNSW_NB15_testing-set.csv#id=070519,0
903,31908,UNSW_NB15_testing-set.csv#id=031958,0
904,33708,UNSW_NB15_testing-set.csv#id=033758,0
905,77893,UNSW_NB15_testing-set.csv#id=078477,0
906,37368,UNSW_NB15_testing-set.csv#id=037418,0
907,75814,UNSW_NB15_testing-set.csv#id=076398,0
908,74452,UNSW_NB15_testing-set.csv#id=075036,0
909,39131,UNSW_NB15_testing-set.csv#id=039181,0
910,75468,UNSW_NB15_testing-set.csv#id=076052,0
911,73091,UNSW_NB15_testing-set.csv#id=073675,0
912,34598,UNSW_NB15_testing-set.csv#id=034648,0
913,26657,UNSW_NB15_testing-set.csv#id=026707,0
914,70599,UNSW_NB15_testing-set.csv#id=071183,0
915,67997,UNSW_NB15_testing-set.csv#id=068581,0
916,75488,UNSW_NB15_testing-set.csv#id=076072,0
917,29000,UNSW_NB15_testing-set.csv#id=029050,0
918,39207,UNSW_NB15_testing-set.csv#id=039257,0
919,79465,UNSW_NB15_testing-set.csv#id=080049,0
920,69479,UNSW_NB15_testing-set.csv#id=070063,0
921,65591,UNSW_NB15_testing-set.csv#id=066175,0
922,31446,UNSW_NB15_testing-set.csv#id=031496,0
923,35260,UNSW_NB15_testing-set.csv#id=035310,0
924,40633,UNSW_NB15_testing-set.csv#id=040683,0
925,70097,UNSW_NB15_testing-set.csv#id=070681,0
926,27865,UNSW_NB15_testing-set.csv#id=027915,0
927,40163,UNSW_NB15_testing-set.csv#id=040213,0
928,30064,UNSW_NB15_testing-set.csv#id=030114,0
929,74133,UNSW_NB15_testing-set.csv#id=074717,0
930,40409,UNSW_NB15_testing-set.csv#id=040459,0
931,25887,UNSW_NB15_testing-set.csv#id=025937,0
932,36750,UNSW_NB15_testing-set.csv#id=036800,0
933,78194,UNSW_NB15_testing-set.csv#id=078778,0
934,35102,UNSW_NB15_testing-set.csv#id=035152,0
935,38243,UNSW_NB15_testing-set.csv#id=038293,0
936,80485,UNSW_NB15_testing-set.csv#id=081069,0
937,36611,UNSW_NB15_testing-set.csv#id=036661,0
938,72259,UNSW_NB15_testing-set.csv#id=072843,0
939,78827,UNSW_NB15_testing-set.csv#id=079411,0
940,69981,UNSW_NB15_testing-set.csv#id=070565,0
941,72210,UNSW_NB15_testing-set.csv#id=072794,0
942,28767,UNSW_NB15_testing-set.csv#id=028817,0
943,43260,UNSW_NB15_testing-set.csv#id=043310,0
944,24686,UNSW_NB15_testing-set.csv#id=024736,0
945,41459,UNSW_NB15_testing-set.csv#id=041509,0
946,40311,UNSW_NB15_testing-set.csv#id=040361,0
947,36513,UNSW_NB15_testing-set.csv#id=036563,0
948,30259,UNSW_NB15_testing-set.csv#id=030309,0
949,72827,UNSW_NB15_testing-set.csv#id=073411,0
950,73511,UNSW_NB15_testing-set.csv#id=074095,0
951,69799,UNSW_NB15_testing-set.csv#id=070383,0
952,77752,UNSW_NB15_testing-set.csv#id=078336,0
953,39537,UNSW_NB15_testing-set.csv#id=039587,0
954,80621,UNSW_NB15_testing-set.csv#id=081205,0
955,25578,UNSW_NB15_testing-set.csv#id=025628,0
956,36170,UNSW_NB15_testing-set.csv#id=036220,0
957,70638,UNSW_NB15_testing-set.csv#id=071222,0
958,72767,UNSW_NB15_testing-set.csv#id=073351,0
959,29174,UNSW_NB15_testing-set.csv#id=029224,0
960,68095,UNSW_NB15_testing-set.csv#id=068679,0
961,33297,UNSW_NB15_testing-set.csv#id=033347,0
962,75340,UNSW_NB15_testing-set.csv#id=075924,0
963,76474,UNSW_NB15_testing-set.csv#id=077058,0
964,25427,UNSW_NB15_testing-set.csv#id=025477,0
965,77570,UNSW_NB15_testing-set.csv#id=078154,0
966,43569,UNSW_NB15_testing-set.csv#id=043619,0
967,26474,UNSW_NB15_testing-set.csv#id=026524,0
968,31468,UNSW_NB15_testing-set.csv#id=031518,0
969,39721,UNSW_NB15_testing-set.csv#id=039771,0
970,39461,UNSW_NB15_testing-set.csv#id=039511,0
971,43233,UNSW_NB15_testing-set.csv#id=043283,0
972,75168,UNSW_NB15_testing-set.csv#id=075752,0
973,37946,UNSW_NB15_testing-set.csv#id=037996,0
974,68555,UNSW_NB15_testing-set.csv#id=069139,0
975,73648,UNSW_NB15_testing-set.csv#id=074232,0
976,79017,UNSW_NB15_testing-set.csv#id=079601,0
977,29818,UNSW_NB15_testing-set.csv#id=029868,0
978,36779,UNSW_NB15_testing-set.csv#id=036829,0
979,41571,UNSW_NB15_testing-set.csv#id=041621,0
980,39723,UNSW_NB15_testing-set.csv#id=039773,0
981,75804,UNSW_NB15_testing-set.csv#id=076388,0
982,27806,UNSW_NB15_testing-set.csv#id=027856,0
983,42049,UNSW_NB15_testing-set.csv#id=042099,0
984,73821,UNSW_NB15_testing-set.csv#id=074405,0
985,71285,UNSW_NB15_testing-set.csv#id=071869,0
986,72901,UNSW_NB15_testing-set.csv#id=073485,0
987,71963,UNSW_NB15_testing-set.csv#id=072547,0
988,80836,UNSW_NB15_testing-set.csv#id=081420,0
989,42542,UNSW_NB15_testing-set.csv#id=042592,0
990,26551,UNSW_NB15_testing-set.csv#id=026601,0
991,30520,UNSW_NB15_testing-set.csv#id=030570,0
992,70546,UNSW_NB15_testing-set.csv#id=071130,0
993,26247,UNSW_NB15_testing-set.csv#id=026297,0
994,76512,UNSW_NB15_testing-set.csv#id=077096,0
995,39087,UNSW_NB15_testing-set.csv#id=039137,0
996,39305,UNSW_NB15_testing-set.csv#id=039355,0
997,68966,UNSW_NB15_testing-set.csv#id=069550,0
998,73384,UNSW_NB15_testing-set.csv#id=073968,0
999,26370,UNSW_NB15_testing-set.csv#id=026420,0
1000,12532,UNSW_NB15_testing-set.csv#id=012582,1
1001,12521,UNSW_NB15_testing-set.csv#id=012571,1
1002,63981,UNSW_NB15_testing-set.csv#id=064560,1
1003,44699,UNSW_NB15_testing-set.csv#id=044749,1
1004,344,UNSW_NB15_testing-set.csv#id=000346,1
1005,53509,UNSW_NB15_testing-set.csv#id=053826,1
1006,48480,UNSW_NB15_testing-set.csv#id=048587,1
1007,12810,UNSW_NB15_testing-set.csv#id=012860,1
1008,19408,UNSW_NB15_testing-set.csv#id=019458,1
1009,43757,UNSW_NB15_testing-set.csv#id=043807,1
1010,60944,UNSW_NB15_testing-set.csv#id=061493,1
1011,9460,UNSW_NB15_testing-set.csv#id=009510,1
1012,9518,UNSW_NB15_testing-set.csv#id=009568,1
1013,56726,UNSW_NB15_testing-set.csv#id=057176,1
1014,55252,UNSW_NB15_testing-set.csv#id=055640,1
1015,48412,UNSW_NB15_testing-set.csv#id=048517,1
1016,53381,UNSW_NB15_testing-set.csv#id=053693,1
1017,2610,UNSW_NB15_testing-set.csv#id=002631,1
1018,47774,UNSW_NB15_testing-set.csv#id=047857,1
1019,49300,UNSW_NB15_testing-set.csv#id=049444,1
1020,55293,UNSW_NB15_testing-set.csv#id=055684,1
1021,2742,UNSW_NB15_testing-set.csv#id=002764,1
1022,15230,UNSW_NB15_testing-set.csv#id=015280,1
1023,61307,UNSW_NB15_testing-set.csv#id=061856,1
1024,2436,UNSW_NB15_testing-set.csv#id=002457,1
1025,44996,UNSW_NB15_testing-set.csv#id=045046,1
1026,15187,UNSW_NB15_testing-set.csv#id=015237,1
1027,50370,UNSW_NB15_testing-set.csv#id=050567,1
1028,60824,UNSW_NB15_testing-set.csv#id=061370,1
1029,56801,UNSW_NB15_testing-set.csv#id=057253,1
1030,6935,UNSW_NB15_testing-set.csv#id=006985,1
1031,57261,UNSW_NB15_testing-set.csv#id=057728,1
1032,20766,UNSW_NB15_testing-set.csv#id=020816,1
1033,16481,UNSW_NB15_testing-set.csv#id=016531,1
1034,52990,UNSW_NB15_testing-set.csv#id=053287,1
1035,56288,UNSW_NB15_testing-set.csv#id=056718,1
1036,56350,UNSW_NB15_testing-set.csv#id=056783,1
1037,6484,UNSW_NB15_testing-set.csv#id=006521,1
1038,63808,UNSW_NB15_testing-set.csv#id=064387,1
1039,57288,UNSW_NB15_testing-set.csv#id=057755,1
1040,8442,UNSW_NB15_testing-set.csv#id=008492,1
1041,49441,UNSW_NB15_testing-set.csv#id=049590,1
1042,43812,UNSW_NB15_testing-set.csv#id=043862,1
1043,43670,UNSW_NB15_testing-set.csv#id=043720,1
1044,17780,UNSW_NB15_testing-set.csv#id=017830,1
1045,63042,UNSW_NB15_testing-set.csv#id=063610,1
1046,20608,UNSW_NB15_testing-set.csv#id=020658,1
1047,3385,UNSW_NB15_testing-set.csv#id=003411,1
1048,47154,UNSW_NB15_testing-set.csv#id=047221,1
1049,60614,UNSW_NB15_testing-set.csv#id=061152,1
1050,14326,UNSW_NB15_testing-set.csv#id=014376,1
1051,315,UNSW_NB15_testing-set.csv#id=000317,1
1052,60679,UNSW_NB15_testing-set.csv#id=061218,1
1053,7123,UNSW_NB15_testing-set.csv#id=007173,1
1054,5453,UNSW_NB15_testing-set.csv#id=005486,1
1055,16894,UNSW_NB15_testing-set.csv#id=016944,1
1056,64969,UNSW_NB15_testing-set.csv#id=065550,1
1057,58821,UNSW_NB15_testing-set.csv#id=059332,1
1058,11334,UNSW_NB15_testing-set.csv#id=011384,1
1059,7444,UNSW_NB15_testing-set.csv#id=007494,1
1060,9343,UNSW_NB15_testing-set.csv#id=009393,1
1061,62570,UNSW_NB15_testing-set.csv#id=063137,1
1062,44810,UNSW_NB15_testing-set.csv#id=044860,1
1063,16567,UNSW_NB15_testing-set.csv#id=016617,1
1064,7409,UNSW_NB15_testing-set.csv#id=007459,1
1065,6671,UNSW_NB15_testing-set.csv#id=006715,1
1066,62285,UNSW_NB15_testing-set.csv#id=062851,1
1067,57076,UNSW_NB15_testing-set.csv#id=057539,1
1068,21364,UNSW_NB15_testing-set.csv#id=021414,1
1069,4161,UNSW_NB15_testing-set.csv#id=004189,1
1070,62247,UNSW_NB15_testing-set.csv#id=062813,1
1071,8240,UNSW_NB15_testing-set.csv#id=008290,1
1072,5749,UNSW_NB15_testing-set.csv#id=005783,1
1073,16006,UNSW_NB15_testing-set.csv#id=016056,1
1074,6017,UNSW_NB15_testing-set.csv#id=006051,1
1075,16080,UNSW_NB15_testing-set.csv#id=016130,1
1076,19288,UNSW_NB15_testing-set.csv#id=019338,1
1077,56697,UNSW_NB15_testing-set.csv#id=057146,1
1078,44036,UNSW_NB15_testing-set.csv#id=044086,1
1079,17480,UNSW_NB15_testing-set.csv#id=017530,1
1080,43738,UNSW_NB15_testing-set.csv#id=043788,1
1081,20035,UNSW_NB15_testing-set.csv#id=020085,1
1082,21747,UNSW_NB15_testing-set.csv#id=021797,1
1083,12613,UNSW_NB15_testing-set.csv#id=012663,1
1084,22934,UNSW_NB15_testing-set.csv#id=022984,1
1085,14638,UNSW_NB15_testing-set.csv#id=014688,1
1086,54596,UNSW_NB15_testing-set.csv#id=054954,1
1087,377,UNSW_NB15_testing-set.csv#id=000379,1
1088,59447,UNSW_NB15_testing-set.csv#id=059970,1
1089,3500,UNSW_NB15_testing-set.csv#id=003526,1
1090,61730,UNSW_NB15_testing-set.csv#id=062287,1
1091,1845,UNSW_NB15_testing-set.csv#id=001864,1
1092,7312,UNSW_NB15_testing-set.csv#id=007362,1
1093,13226,UNSW_NB15_testing-set.csv#id=013276,1
1094,10975,UNSW_NB15_testing-set.csv#id=011025,1
1095,14847,UNSW_NB15_testing-set.csv#id=014897,1
1096,11134,UNSW_NB15_testing-set.csv#id=011184,1
1097,52087,UNSW_NB15_testing-set.csv#id=052344,1
1098,43796,UNSW_NB15_testing-set.csv#id=043846,1
1099,43973,UNSW_NB15_testing-set.csv#id=044023,1
1100,15122,UNSW_NB15_testing-set.csv#id=015172,1
1101,53280,UNSW_NB15_testing-set.csv#id=053588,1
1102,58871,UNSW_NB15_testing-set.csv#id=059384,1
1103,45705,UNSW_NB15_testing-set.csv#id=045757,1
1104,57854,UNSW_NB15_testing-set.csv#id=058333,1
1105,6123,UNSW_NB15_testing-set.csv#id=006157,1
1106,51668,UNSW_NB15_testing-set.csv#id=051909,1
1107,59070,UNSW_NB15_testing-set.csv#id=059586,1
1108,10999,UNSW_NB15_testing-set.csv#id=011049,1
1109,8367,UNSW_NB15_testing-set.csv#id=008417,1
1110,19973,UNSW_NB15_testing-set.csv#id=020023,1
1111,2939,UNSW_NB15_testing-set.csv#id=002963,1
1112,18382,UNSW_NB15_testing-set.csv#id=018432,1
1113,49061,UNSW_NB15_testing-set.csv#id=049198,1
1114,8116,UNSW_NB15_testing-set.csv#id=008166,1
1115,47615,UNSW_NB15_testing-set.csv#id=047695,1
1116,57651,UNSW_NB15_testing-set.csv#id=058126,1
1117,8043,UNSW_NB15_testing-set.csv#id=008093,1
1118,11847,UNSW_NB15_testing-set.csv#id=011897,1
1119,17128,UNSW_NB15_testing-set.csv#id=017178,1
1120,4647,UNSW_NB15_testing-set.csv#id=004676,1
1121,52402,UNSW_NB15_testing-set.csv#id=052670,1
1122,59834,UNSW_NB15_testing-set.csv#id=060362,1
1123,10461,UNSW_NB15_testing-set.csv#id=010511,1
1124,5536,UNSW_NB15_testing-set.csv#id=005570,1
1125,18164,UNSW_NB15_testing-set.csv#id=018214,1
1126,61830,UNSW_NB15_testing-set.csv#id=062391,1
1127,46993,UNSW_NB15_testing-set.csv#id=047056,1
1128,9317,UNSW_NB15_testing-set.csv#id=009367,1
1129,2136,UNSW_NB15_testing-set.csv#id=002157,1
1130,54410,UNSW_NB15_testing-set.csv#id=054763,1
1131,1566,UNSW_NB15_testing-set.csv#id=001581,1
1132,53870,UNSW_NB15_testing-set.csv#id=054203,1
1133,5113,UNSW_NB15_testing-set.csv#id=005143,1
1134,18009,UNSW_NB15_testing-set.csv#id=018059,1
1135,57173,UNSW_NB15_testing-set.csv#id=057637,1
1136,16535,UNSW_NB15_testing-set.csv#id=016585,1
1137,57732,UNSW_NB15_testing-set.csv#id=058208,1
1138,13235,UNSW_NB15_testing-set.csv#id=013285,1
1139,52989,UNSW_NB15_testing-set.csv#id=053286,1
1140,52784,UNSW_NB15_testing-set.csv#id=053072,1
1141,23243,UNSW_NB15_testing-set.csv#id=023293,1
1142,46162,UNSW_NB15_testing-set.csv#id=046216,1
1143,16702,UNSW_NB15_testing-set.csv#id=016752,1
1144,57914,UNSW_NB15_testing-set.csv#id=058393,1
1145,4925,UNSW_NB15_testing-set.csv#id=004955,1
1146,7280,UNSW_NB15_testing-set.csv#id=007330,1
1147,20186,UNSW_NB15_testing-set.csv#id=020236,1
1148,11360,UNSW_NB15_testing-set.csv#id=011410,1
1149,3834,UNSW_NB15_testing-set.csv#id=003861,1
1150,7500,UNSW_NB15_testing-set.csv#id=007550,1
1151,23115,UNSW_NB15_testing-set.csv#id=023165,1
1152,44330,UNSW_NB15_testing-set.csv#id=044380,1
1153,17916,UNSW_NB15_testing-set.csv#id=017966,1
1154,47598,UNSW_NB15_testing-set.csv#id=047677,1
1155,53139,UNSW_NB15_testing-set.csv#id=053441,1
1156,57655,UNSW_NB15_testing-set.csv#id=058130,1
1157,56369,UNSW_NB15_testing-set.csv#id=056802,1
1158,4501,UNSW_NB15_testing-set.csv#id=004530,1
1159,18911,UNSW_NB15_testing-set.csv#id=018961,1
1160,44797,UNSW_NB15_testing-set.csv#id=044847,1
1161,10007,UNSW_NB15_testing-set.csv#id=010057,1
1162,13612,UNSW_NB15_testing-set.csv#id=013662,1
1163,61854,UNSW_NB15_testing-set.csv#id=062415,1
1164,6294,UNSW_NB15_testing-set.csv#id=006329,1
1165,18253,UNSW_NB15_testing-set.csv#id=018303,1
1166,3397,UNSW_NB15_testing-set.csv#id=003423,1
1167,46369,UNSW_NB15_testing-set.csv#id=046426,1
1168,62373,UNSW_NB15_testing-set.csv#id=062940,1
1169,15827,UNSW_NB15_testing-set.csv#id=015877,1
1170,63665,UNSW_NB15_testing-set.csv#id=064243,1
1171,47485,UNSW_NB15_testing-set.csv#id=047562,1
1172,63764,UNSW_NB15_testing-set.csv#id=064343,1
1173,4864,UNSW_NB15_testing-set.csv#id=004894,1
1174,60123,UNSW_NB15_testing-set.csv#id=060656,1
1175,54459,UNSW_NB15_testing-set.csv#id=054814,1
1176,59030,UNSW_NB15_testing-set.csv#id=059545,1
1177,13492,UNSW_NB15_testing-set.csv#id=013542,1
1178,54116,UNSW_NB15_testing-set.csv#id=054457,1
1179,13979,UNSW_NB15_testing-set.csv#id=014029,1
1180,13192,UNSW_NB15_testing-set.csv#id=013242,1
1181,6191,UNSW_NB15_testing-set.csv#id=006225,1
1182,11333,UNSW_NB15_testing-set.csv#id=011383,1
1183,10524,UNSW_NB15_testing-set.csv#id=010574,1
1184,5106,UNSW_NB15_testing-set.csv#id=005136,1
1185,59341,UNSW_NB15_testing-set.csv#id=059862,1
1186,22013,UNSW_NB15_testing-set.csv#id=022063,1
1187,50111,UNSW_NB15_testing-set.csv#id=050301,1
1188,49190,UNSW_NB15_testing-set.csv#id=049331,1
1189,10996,UNSW_NB15_testing-set.csv#id=011046,1
1190,62673,UNSW_NB15_testing-set.csv#id=063240,1
1191,4190,UNSW_NB15_testing-set.csv#id=004218,1
1192,21400,UNSW_NB15_testing-set.csv#id=021450,1
1193,620,UNSW_NB15_testing-set.csv#id=000625,1
1194,2228,UNSW_NB15_testing-set.csv#id=002249,1
1195,5866,UNSW_NB15_testing-set.csv#id=005900,1
1196,11644,UNSW_NB15_testing-set.csv#id=011694,1
1197,20225,UNSW_NB15_testing-set.csv#id=020275,1
1198,20828,UNSW_NB15_testing-set.csv#id=020878,1
1199,2750,UNSW_NB15_testing-set.csv#id=002772,1
1200,23185,UNSW_NB15_testing-set.csv#id=023235,1
1201,21289,UNSW_NB15_testing-set.csv#id=021339,1
1202,8407,UNSW_NB15_testing-set.csv#id=008457,1
1203,63402,UNSW_NB15_testing-set.csv#id=063977,1
1204,9125,UNSW_NB15_testing-set.csv#id=009175,1
1205,21255,UNSW_NB15_testing-set.csv#id=021305,1
1206,12467,UNSW_NB15_testing-set.csv#id=012517,1
1207,15356,UNSW_NB15_testing-set.csv#id=015406,1
1208,59248,UNSW_NB15_testing-set.csv#id=059767,1
1209,46201,UNSW_NB15_testing-set.csv#id=046255,1
1210,53644,UNSW_NB15_testing-set.csv#id=053967,1
1211,21031,UNSW_NB15_testing-set.csv#id=021081,1
1212,4591,UNSW_NB15_testing-set.csv#id=004620,1
1213,8956,UNSW_NB15_testing-set.csv#id=009006,1
1214,10952,UNSW_NB15_testing-set.csv#id=011002,1
1215,52493,UNSW_NB15_testing-set.csv#id=052764,1
1216,62503,UNSW_NB15_testing-set.csv#id=063070,1
1217,1284,UNSW_NB15_testing-set.csv#id=001296,1
1218,15169,UNSW_NB15_testing-set.csv#id=015219,1
1219,2299,UNSW_NB15_testing-set.csv#id=002320,1
1220,50620,UNSW_NB15_testing-set.csv#id=050828,1
1221,13777,UNSW_NB15_testing-set.csv#id=013827,1
1222,7404,UNSW_NB15_testing-set.csv#id=007454,1
1223,14853,UNSW_NB15_testing-set.csv#id=014903,1
1224,6008,UNSW_NB15_testing-set.csv#id=006042,1
1225,54333,UNSW_NB15_testing-set.csv#id=054684,1
1226,17574,UNSW_NB15_testing-set.csv#id=017624,1
1227,16192,UNSW_NB15_testing-set.csv#id=016242,1
1228,16831,UNSW_NB15_testing-set.csv#id=016881,1
1229,15109,UNSW_NB15_testing-set.csv#id=015159,1
1230,8895,UNSW_NB15_testing-set.csv#id=008945,1
1231,3219,UNSW_NB15_testing-set.csv#id=003244,1
1232,20810,UNSW_NB15_testing-set.csv#id=020860,1
1233,22422,UNSW_NB15_testing-set.csv#id=022472,1
1234,61661,UNSW_NB15_testing-set.csv#id=062217,1
1235,45845,UNSW_NB15_testing-set.csv#id=045897,1
1236,46989,UNSW_NB15_testing-set.csv#id=047052,1
1237,691,UNSW_NB15_testing-set.csv#id=000697,1
1238,18240,UNSW_NB15_testing-set.csv#id=018290,1
1239,17164,UNSW_NB15_testing-set.csv#id=017214,1
1240,46077,UNSW_NB15_testing-set.csv#id=046129,1
1241,45656,UNSW_NB15_testing-set.csv#id=045707,1
1242,47299,UNSW_NB15_testing-set.csv#id=047372,1
1243,15556,UNSW_NB15_testing-set.csv#id=015606,1
1244,14282,UNSW_NB15_testing-set.csv#id=014332,1
1245,48089,UNSW_NB15_testing-set.csv#id=048185,1
1246,17605,UNSW_NB15_testing-set.csv#id=017655,1
1247,48182,UNSW_NB15_testing-set.csv#id=048280,1
1248,59571,UNSW_NB15_testing-set.csv#id=060096,1
1249,61494,UNSW_NB15_testing-set.csv#id=062045,1
1250,52169,UNSW_NB15_testing-set.csv#id=052428,1
1251,55940,UNSW_NB15_testing-set.csv#id=056361,1
1252,16838,UNSW_NB15_testing-set.csv#id=016888,1
1253,63995,UNSW_NB15_testing-set.csv#id=064574,1
1254,63609,UNSW_NB15_testing-set.csv#id=064187,1
1255,9499,UNSW_NB15_testing-set.csv#id=009549,1
1256,1261,UNSW_NB15_testing-set.csv#id=001272,1
1257,20301,UNSW_NB15_testing-set.csv#id=020351,1
1258,53244,UNSW_NB15_testing-set.csv#id=053550,1
1259,19211,UNSW_NB15_testing-set.csv#id=019261,1
1260,9238,UNSW_NB15_testing-set.csv#id=009288,1
1261,385,UNSW_NB15_testing-set.csv#id=000387,1
1262,4638,UNSW_NB15_testing-set.csv#id=004667,1
1263,22376,UNSW_NB15_testing-set.csv#id=022426,1
1264,55647,UNSW_NB15_testing-set.csv#id=056051,1
1265,58425,UNSW_NB15_testing-set.csv#id=058919,1
1266,58619,UNSW_NB15_testing-set.csv#id=059123,1
1267,51309,UNSW_NB15_testing-set.csv#id=051543,1
1268,60311,UNSW_NB15_testing-set.csv#id=060844,1
1269,54796,UNSW_NB15_testing-set.csv#id=055164,1
1270,4848,UNSW_NB15_testing-set.csv#id=004878,1
1271,19805,UNSW_NB15_testing-set.csv#id=019855,1
1272,45609,UNSW_NB15_testing-set.csv#id=045660,1
1273,62330,UNSW_NB15_testing-set.csv#id=062896,1
1274,54989,UNSW_NB15_testing-set.csv#id=055363,1
1275,44026,UNSW_NB15_testing-set.csv#id=044076,1
1276,52708,UNSW_NB15_testing-set.csv#id=052993,1
1277,49259,UNSW_NB15_testing-set.csv#id=049402,1
1278,53176,UNSW_NB15_testing-set.csv#id=053480,1
1279,4151,UNSW_NB15_testing-set.csv#id=004179,1
1280,23007,UNSW_NB15_testing-set.csv#id=023057,1
1281,18427,UNSW_NB15_testing-set.csv#id=018477,1
1282,16933,UNSW_NB15_testing-set.csv#id=016983,1
1283,48960,UNSW_NB15_testing-set.csv#id=049093,1
1284,59197,UNSW_NB15_testing-set.csv#id=059715,1
1285,48897,UNSW_NB15_testing-set.csv#id=049026,1
1286,52820,UNSW_NB15_testing-set.csv#id=053110,1
1287,59272,UNSW_NB15_testing-set.csv#id=059791,1
1288,20932,UNSW_NB15_testing-set.csv#id=020982,1
1289,15332,UNSW_NB15_testing-set.csv#id=015382,1
1290,9585,UNSW_NB15_testing-set.csv#id=009635,1
1291,10978,UNSW_NB15_testing-set.csv#id=011028,1
1292,60711,UNSW_NB15_testing-set.csv#id=061252,1
1293,63837,UNSW_NB15_testing-set.csv#id=064416,1
1294,58353,UNSW_NB15_testing-set.csv#id=058847,1
1295,61037,UNSW_NB15_testing-set.csv#id=061586,1
1296,9032,UNSW_NB15_testing-set.csv#id=009082,1
1297,50558,UNSW_NB15_testing-set.csv#id=050763,1
1298,8103,UNSW_NB15_testing-set.csv#id=008153,1
1299,11932,UNSW_NB15_testing-set.csv#id=011982,1
1300,62876,UNSW_NB15_testing-set.csv#id=063443,1
1301,16085,UNSW_NB15_testing-set.csv#id=016135,1
1302,6823,UNSW_NB15_testing-set.csv#id=006873,1
1303,20894,UNSW_NB15_testing-set.csv#id=020944,1
1304,50590,UNSW_NB15_testing-set.csv#id=050796,1
1305,7292,UNSW_NB15_testing-set.csv#id=007342,1
1306,17645,UNSW_NB15_testing-set.csv#id=017695,1
1307,49483,UNSW_NB15_testing-set.csv#id=049635,1
1308,59716,UNSW_NB15_testing-set.csv#id=060243,1
1309,54543,UNSW_NB15_testing-set.csv#id=054900,1
1310,4387,UNSW_NB15_testing-set.csv#id=004415,1
1311,61914,UNSW_NB15_testing-set.csv#id=062478,1
1312,18218,UNSW_NB15_testing-set.csv#id=018268,1
1313,19102,UNSW_NB15_testing-set.csv#id=019152,1
1314,23166,UNSW_NB15_testing-set.csv#id=023216,1
1315,16037,UNSW_NB15_testing-set.csv#id=016087,1
1316,55597,UNSW_NB15_testing-set.csv#id=056000,1
1317,1792,UNSW_NB15_testing-set.csv#id=001809,1
1318,792,UNSW_NB15_testing-set.csv#id=000798,1
1319,62060,UNSW_NB15_testing-set.csv#id=062625,1
1320,22920,UNSW_NB15_testing-set.csv#id=022970,1
1321,61251,UNSW_NB15_testing-set.csv#id=061800,1
1322,18721,UNSW_NB15_testing-set.csv#id=018771,1
1323,6844,UNSW_NB15_testing-set.csv#id=006894,1
1324,63863,UNSW_NB15_testing-set.csv#id=064442,1
1325,52148,UNSW_NB15_testing-set.csv#id=052407,1
1326,53948,UNSW_NB15_testing-set.csv#id=054285,1
1327,12041,UNSW_NB15_testing-set.csv#id=012091,1
1328,45509,UNSW_NB15_testing-set.csv#id=045560,1
1329,54157,UNSW_NB15_testing-set.csv#id=054500,1
1330,52511,UNSW_NB15_testing-set.csv#id=052783,1
1331,43999,UNSW_NB15_testing-set.csv#id=044049,1
1332,50390,UNSW_NB15_testing-set.csv#id=050587,1
1333,53655,UNSW_NB15_testing-set.csv#id=053978,1
1334,17707,UNSW_NB15_testing-set.csv#id=017757,1
1335,43675,UNSW_NB15_testing-set.csv#id=043725,1
1336,44923,UNSW_NB15_testing-set.csv#id=044973,1
1337,8410,UNSW_NB15_testing-set.csv#id=008460,1
1338,47447,UNSW_NB15_testing-set.csv#id=047523,1
1339,47841,UNSW_NB15_testing-set.csv#id=047928,1
1340,11427,UNSW_NB15_testing-set.csv#id=011477,1
1341,57513,UNSW_NB15_testing-set.csv#id=057985,1
1342,59051,UNSW_NB15_testing-set.csv#id=059566,1
1343,57884,UNSW_NB15_testing-set.csv#id=058363,1
1344,64724,UNSW_NB15_testing-set.csv#id=065305,1
1345,7133,UNSW_NB15_testing-set.csv#id=007183,1
1346,46788,UNSW_NB15_testing-set.csv#id=046848,1
1347,2532,UNSW_NB15_testing-set.csv#id=002553,1
1348,1043,UNSW_NB15_testing-set.csv#id=001050,1
1349,8611,UNSW_NB15_testing-set.csv#id=008661,1
1350,57398,UNSW_NB15_testing-set.csv#id=057867,1
1351,63593,UNSW_NB15_testing-set.csv#id=064171,1
1352,49787,UNSW_NB15_testing-set.csv#id=049958,1
1353,15392,UNSW_NB15_testing-set.csv#id=015442,1
1354,13242,UNSW_NB15_testing-set.csv#id=013292,1
1355,6066,UNSW_NB15_testing-set.csv#id=006100,1
1356,46743,UNSW_NB15_testing-set.csv#id=046802,1
1357,19966,UNSW_NB15_testing-set.csv#id=020016,1
1358,2471,UNSW_NB15_testing-set.csv#id=002492,1
1359,52349,UNSW_NB15_testing-set.csv#id=052615,1
1360,12293,UNSW_NB15_testing-set.csv#id=012343,1
1361,8286,UNSW_NB15_testing-set.csv#id=008336,1
1362,47948,UNSW_NB15_testing-set.csv#id=048039,1
1363,7539,UNSW_NB15_testing-set.csv#id=007589,1
1364,44173,UNSW_NB15_testing-set.csv#id=044223,1
1365,18552,UNSW_NB15_testing-set.csv#id=018602,1
1366,59358,UNSW_NB15_testing-set.csv#id=059879,1
1367,4262,UNSW_NB15_testing-set.csv#id=004290,1
1368,60107,UNSW_NB15_testing-set.csv#id=060640,1
1369,45786,UNSW_NB15_testing-set.csv#id=045838,1
1370,5842,UNSW_NB15_testing-set.csv#id=005876,1
1371,17369,UNSW_NB15_testing-set.csv#id=017419,1
1372,46315,UNSW_NB15_testing-set.csv#id=046371,1
1373,46014,UNSW_NB15_testing-set.csv#id=046066,1
1374,64338,UNSW_NB15_testing-set.csv#id=064917,1
1375,44936,UNSW_NB15_testing-set.csv#id=044986,1
1376,974,UNSW_NB15_testing-set.csv#id=000981,1
1377,61300,UNSW_NB15_testing-set.csv#id=061849,1
1378,419,UNSW_NB15_testing-set.csv#id=000421,1
1379,11936,UNSW_NB15_testing-set.csv#id=011986,1
1380,64287,UNSW_NB15_testing-set.csv#id=064866,1
1381,5598,UNSW_NB15_testing-set.csv#id=005632,1
1382,22630,UNSW_NB15_testing-set.csv#id=022680,1
1383,55577,UNSW_NB15_testing-set.csv#id=055978,1
1384,7875,UNSW_NB15_testing-set.csv#id=007925,1
1385,2901,UNSW_NB15_testing-set.csv#id=002925,1
1386,51110,UNSW_NB15_testing-set.csv#id=051338,1
1387,50101,UNSW_NB15_testing-set.csv#id=050291,1
1388,6586,UNSW_NB15_testing-set.csv#id=006625,1
1389,54790,UNSW_NB15_testing-set.csv#id=055158,1
1390,5805,UNSW_NB15_testing-set.csv#id=005839,1
1391,64883,UNSW_NB15_testing-set.csv#id=065464,1
1392,46732,UNSW_NB15_testing-set.csv#id=046791,1
1393,6773,UNSW_NB15_testing-set.csv#id=006822,1
1394,59809,UNSW_NB15_testing-set.csv#id=060336,1
1395,5724,UNSW_NB15_testing-set.csv#id=005758,1
1396,14244,UNSW_NB15_testing-set.csv#id=014294,1
1397,56983,UNSW_NB15_testing-set.csv#id=057442,1
1398,53126,UNSW_NB15_testing-set.csv#id=053428,1
1399,13553,UNSW_NB15_testing-set.csv#id=013603,1
1400,51782,UNSW_NB15_testing-set.csv#id=052027,1
1401,57838,UNSW_NB15_testing-set.csv#id=058315,1
1402,52538,UNSW_NB15_testing-set.csv#id=052812,1
1403,49623,UNSW_NB15_testing-set.csv#id=049785,1
1404,7549,UNSW_NB15_testing-set.csv#id=007599,1
1405,51521,UNSW_NB15_testing-set.csv#id=051759,1
1406,1083,UNSW_NB15_testing-set.csv#id=001092,1
1407,17169,UNSW_NB15_testing-set.csv#id=017219,1
1408,15542,UNSW_NB15_testing-set.csv#id=015592,1
1409,53016,UNSW_NB15_testing-set.csv#id=053314,1
1410,1560,UNSW_NB15_testing-set.csv#id=001575,1
1411,58581,UNSW_NB15_testing-set.csv#id=059083,1
1412,3692,UNSW_NB15_testing-set.csv#id=003719,1
1413,56878,UNSW_NB15_testing-set.csv#id=057333,1
1414,14271,UNSW_NB15_testing-set.csv#id=014321,1
1415,48596,UNSW_NB15_testing-set.csv#id=048707,1
1416,18528,UNSW_NB15_testing-set.csv#id=018578,1
1417,23006,UNSW_NB15_testing-set.csv#id=023056,1
1418,9798,UNSW_NB15_testing-set.csv#id=009848,1
1419,13336,UNSW_NB15_testing-set.csv#id=013386,1
1420,47054,UNSW_NB15_testing-set.csv#id=047118,1
1421,5232,UNSW_NB15_testing-set.csv#id=005262,1
1422,55822,UNSW_NB15_testing-set.csv#id=056236,1
1423,44734,UNSW_NB15_testing-set.csv#id=044784,1
1424,14307,UNSW_NB15_testing-set.csv#id=014357,1
1425,6802,UNSW_NB15_testing-set.csv#id=006852,1
1426,56442,UNSW_NB15_testing-set.csv#id=056878,1
1427,52952,UNSW_NB15_testing-set.csv#id=053248,1
1428,16214,UNSW_NB15_testing-set.csv#id=016264,1
1429,3752,UNSW_NB15_testing-set.csv#id=003779,1
1430,64021,UNSW_NB15_testing-set.csv#id=064600,1
1431,60699,UNSW_NB15_testing-set.csv#id=061239,1
1432,47180,UNSW_NB15_testing-set.csv#id=047248,1
1433,63300,UNSW_NB15_testing-set.csv#id=063873,1
1434,20322,UNSW_NB15_testing-set.csv#id=020372,1
1435,45128,UNSW_NB15_testing-set.csv#id=045179,1
1436,61117,UNSW_NB15_testing-set.csv#id=061666,1
1437,11222,UNSW_NB15_testing-set.csv#id=011272,1
1438,11478,UNSW_NB15_testing-set.csv#id=011528,1
1439,13107,UNSW_NB15_testing-set.csv#id=013157,1
1440,58324,UNSW_NB15_testing-set.csv#id=058818,1
1441,64498,UNSW_NB15_testing-set.csv#id=065077,1
1442,54677,UNSW_NB15_testing-set.csv#id=055037,1
1443,60148,UNSW_NB15_testing-set.csv#id=060681,1
1444,7435,UNSW_NB15_testing-set.csv#id=007485,1
1445,20476,UNSW_NB15_testing-set.csv#id=020526,1
1446,47882,UNSW_NB15_testing-set.csv#id=047970,1
1447,44088,UNSW_NB15_testing-set.csv#id=044138,1
1448,58237,UNSW_NB15_testing-set.csv#id=058727,1
1449,12648,UNSW_NB15_testing-set.csv#id=012698,1
1450,65032,UNSW_NB15_testing-set.csv#id=065615,1
1451,22077,UNSW_NB15_testing-set.csv#id=022127,1
1452,58066,UNSW_NB15_testing-set.csv#id=058551,1
1453,50908,UNSW_NB15_testing-set.csv#id=051129,1
1454,46608,UNSW_NB15_testing-set.csv#id=046667,1
1455,10441,UNSW_NB15_testing-set.csv#id=010491,1
1456,45682,UNSW_NB15_testing-set.csv#id=045734,1
1457,4171,UNSW_NB15_testing-set.csv#id=004199,1
1458,10925,UNSW_NB15_testing-set.csv#id=010975,1
1459,21264,UNSW_NB15_testing-set.csv#id=021314,1
1460,47936,UNSW_NB15_testing-set.csv#id=048025,1
1461,51744,UNSW_NB15_testing-set.csv#id=051987,1
1462,5134,UNSW_NB15_testing-set.csv#id=005164,1
1463,7032,UNSW_NB15_testing-set.csv#id=007082,1
1464,1626,UNSW_NB15_testing-set.csv#id=001642,1
1465,56624,UNSW_NB15_testing-set.csv#id=057070,1
1466,8569,UNSW_NB15_testing-set.csv#id=008619,1
1467,61769,UNSW_NB15_testing-set.csv#id=062327,1
1468,652,UNSW_NB15_testing-set.csv#id=000657,1
1469,4214,UNSW_NB15_testing-set.csv#id=004242,1
1470,61150,UNSW_NB15_testing-set.csv#id=061699,1
1471,1152,UNSW_NB15_testing-set.csv#id=001163,1
1472,6354,UNSW_NB15_testing-set.csv#id=006390,1
1473,14350,UNSW_NB15_testing-set.csv#id=014400,1
1474,2338,UNSW_NB15_testing-set.csv#id=002359,1
1475,47213,UNSW_NB15_testing-set.csv#id=047283,1
1476,6896,UNSW_NB15_testing-set.csv#id=006946,1
1477,8706,UNSW_NB15_testing-set.csv#id=008756,1
1478,51990,UNSW_NB15_testing-set.csv#id=052244,1
1479,58732,UNSW_NB15_testing-set.csv#id=059241,1
1480,20622,UNSW_NB15_testing-set.csv#id=020672,1
1481,22127,UNSW_NB15_testing-set.csv#id=022177,1
1482,2391,UNSW_NB15_testing-set.csv#id=002412,1
1483,21591,UNSW_NB15_testing-set.csv#id=021641,1
1484,61674,UNSW_NB15_testing-set.csv#id=062230,1
1485,11163,UNSW_NB15_testing-set.csv#id=011213,1
1486,14873,UNSW_NB15_testing-set.csv#id=014923,1
1487,53429,UNSW_NB15_testing-set.csv#id=053742,1
1488,10340,UNSW_NB15_testing-set.csv#id=010390,1
1489,14990,UNSW_NB15_testing-set.csv#id=015040,1
1490,50747,UNSW_NB15_testing-set.csv#id=050962,1
1491,58712,UNSW_NB15_testing-set.csv#id=059221,1
1492,21473,UNSW_NB15_testing-set.csv#id=021523,1
1493,60965,UNSW_NB15_testing-set.csv#id=061514,1
1494,10971,UNSW_NB15_testing-set.csv#id=011021,1
1495,46954,UNSW_NB15_testing-set.csv#id=047016,1
1496,14511,UNSW_NB15_testing-set.csv#id=014561,1
1497,10376,UNSW_NB15_testing-set.csv#id=010426,1
1498,11762,UNSW_NB15_testing-set.csv#id=011812,1
1499,43960,UNSW_NB15_testing-set.csv#id=044010,1
1500,57743,UNSW_NB15_testing-set.csv#id=058219,1
1501,20918,UNSW_NB15_testing-set.csv#id=020968,1
1502,55062,UNSW_NB15_testing-set.csv#id=055440,1
1503,44910,UNSW_NB15_testing-set.csv#id=044960,1
1504,19330,UNSW_NB15_testing-set.csv#id=019380,1
1505,18393,UNSW_NB15_testing-set.csv#id=018443,1
1506,14984,UNSW_NB15_testing-set.csv#id=015034,1
1507,1537,UNSW_NB15_testing-set.csv#id=001552,1
1508,21907,UNSW_NB15_testing-set.csv#id=021957,1
1509,12407,UNSW_NB15_testing-set.csv#id=012457,1
1510,22734,UNSW_NB15_testing-set.csv#id=022784,1
1511,5160,UNSW_NB15_testing-set.csv#id=005190,1
1512,297,UNSW_NB15_testing-set.csv#id=000299,1
1513,7438,UNSW_NB15_testing-set.csv#id=007488,1
1514,58709,UNSW_NB15_testing-set.csv#id=059218,1
1515,18603,UNSW_NB15_testing-set.csv#id=018653,1
1516,5203,UNSW_NB15_testing-set.csv#id=005233,1
1517,13080,UNSW_NB15_testing-set.csv#id=013130,1
1518,316,UNSW_NB15_testing-set.csv#id=000318,1
1519,6949,UNSW_NB15_testing-set.csv#id=006999,1
1520,64960,UNSW_NB15_testing-set.csv#id=065541,1
1521,10449,UNSW_NB15_testing-set.csv#id=010499,1
1522,17691,UNSW_NB15_testing-set.csv#id=017741,1
1523,21959,UNSW_NB15_testing-set.csv#id=022009,1
1524,13616,UNSW_NB15_testing-set.csv#id=013666,1
1525,63782,UNSW_NB15_testing-set.csv#id=064361,1
1526,9409,UNSW_NB15_testing-set.csv#id=009459,1
1527,20135,UNSW_NB15_testing-set.csv#id=020185,1
1528,51434,UNSW_NB15_testing-set.csv#id=051671,1
1529,60273,UNSW_NB15_testing-set.csv#id=060806,1
1530,2923,UNSW_NB15_testing-set.csv#id=002947,1
1531,54949,UNSW_NB15_testing-set.csv#id=055322,1
1532,17269,UNSW_NB15_testing-set.csv#id=017319,1
1533,48664,UNSW_NB15_testing-set.csv#id=048779,1
1534,5185,UNSW_NB15_testing-set.csv#id=005215,1
1535,58250,UNSW_NB15_testing-set.csv#id=058740,1
1536,2499,UNSW_NB15_testing-set.csv#id=002520,1
1537,2347,UNSW_NB15_testing-set.csv#id=002368,1
1538,14086,UNSW_NB15_testing-set.csv#id=014136,1
1539,55515,UNSW_NB15_testing-set.csv#id=055914,1
1540,23100,UNSW_NB15_testing-set.csv#id=023150,1
1541,11928,UNSW_NB15_testing-set.csv#id=011978,1
1542,20401,UNSW_NB15_testing-set.csv#id=020451,1
1543,64130,UNSW_NB15_testing-set.csv#id=064709,1
1544,3145,UNSW_NB15_testing-set.csv#id=003170,1
1545,45863,UNSW_NB15_testing-set.csv#id=045915,1
1546,11142,UNSW_NB15_testing-set.csv#id=011192,1
1547,2513,UNSW_NB15_testing-set.csv#id=002534,1
1548,2062,UNSW_NB15_testing-set.csv#id=002082,1
1549,13251,UNSW_NB15_testing-set.csv#id=013301,1
1550,4806,UNSW_NB15_testing-set.csv#id=004836,1
1551,53269,UNSW_NB15_testing-set.csv#id=053577,1
1552,63039,UNSW_NB15_testing-set.csv#id=063607,1
1553,62077,UNSW_NB15_testing-set.csv#id=062643,1
1554,1830,UNSW_NB15_testing-set.csv#id=001848,1
1555,6431,UNSW_NB15_testing-set.csv#id=006468,1
1556,19426,UNSW_NB15_testing-set.csv#id=019476,1
1557,61931,UNSW_NB15_testing-set.csv#id=062495,1
1558,22961,UNSW_NB15_testing-set.csv#id=023011,1
1559,55060,UNSW_NB15_testing-set.csv#id=055438,1
1560,62851,UNSW_NB15_testing-set.csv#id=063418,1
1561,14375,UNSW_NB15_testing-set.csv#id=014425,1
1562,49452,UNSW_NB15_testing-set.csv#id=049602,1
1563,19171,UNSW_NB15_testing-set.csv#id=019221,1
1564,4758,UNSW_NB15_testing-set.csv#id=004788,1
1565,14399,UNSW_NB15_testing-set.csv#id=014449,1
1566,45433,UNSW_NB15_testing-set.csv#id=045484,1
1567,7829,UNSW_NB15_testing-set.csv#id=007879,1
1568,8449,UNSW_NB15_testing-set.csv#id=008499,1
1569,21085,UNSW_NB15_testing-set.csv#id=021135,1
1570,55425,UNSW_NB15_testing-set.csv#id=055819,1
1571,12077,UNSW_NB15_testing-set.csv#id=012127,1
1572,60522,UNSW_NB15_testing-set.csv#id=061057,1
1573,50286,UNSW_NB15_testing-set.csv#id=050480,1
1574,56628,UNSW_NB15_testing-set.csv#id=057074,1
1575,11575,UNSW_NB15_testing-set.csv#id=011625,1
1576,50422,UNSW_NB15_testing-set.csv#id=050620,1
1577,46629,UNSW_NB15_testing-set.csv#id=046688,1
1578,64613,UNSW_NB15_testing-set.csv#id=065194,1
1579,62629,UNSW_NB15_testing-set.csv#id=063196,1
1580,21355,UNSW_NB15_testing-set.csv#id=021405,1
1581,58687,UNSW_NB15_testing-set.csv#id=059195,1
1582,19677,UNSW_NB15_testing-set.csv#id=019727,1
1583,48667,UNSW_NB15_testing-set.csv#id=048782,1
1584,55270,UNSW_NB15_testing-set.csv#id=055659,1
1585,46456,UNSW_NB15_testing-set.csv#id=046515,1
1586,55632,UNSW_NB15_testing-set.csv#id=056036,1
1587,11353,UNSW_NB15_testing-set.csv#id=011403,1
1588,45415,UNSW_NB15_testing-set.csv#id=045466,1
1589,2931,UNSW_NB15_testing-set.csv#id=002955,1
1590,12802,UNSW_NB15_testing-set.csv#id=012852,1
1591,311,UNSW_NB15_testing-set.csv#id=000313,1
1592,59288,UNSW_NB15_testing-set.csv#id=059808,1
1593,15630,UNSW_NB15_testing-set.csv#id=015680,1
1594,7135,UNSW_NB15_testing-set.csv#id=007185,1
1595,8109,UNSW_NB15_testing-set.csv#id=008159,1
1596,14544,UNSW_NB15_testing-set.csv#id=014594,1
1597,13533,UNSW_NB15_testing-set.csv#id=013583,1
1598,10947,UNSW_NB15_testing-set.csv#id=010997,1
1599,58421,UNSW_NB15_testing-set.csv#id=058915,1
1600,13520,UNSW_NB15_testing-set.csv#id=013570,1
1601,1352,UNSW_NB15_testing-set.csv#id=001365,1
1602,49501,UNSW_NB15_testing-set.csv#id=049654,1
1603,48014,UNSW_NB15_testing-set.csv#id=048108,1
1604,46721,UNSW_NB15_testing-set.csv#id=046780,1
1605,9807,UNSW_NB15_testing-set.csv#id=009857,1
1606,53446,UNSW_NB15_testing-set.csv#id=053761,1
1607,64166,UNSW_NB15_testing-set.csv#id=064745,1
1608,44009,UNSW_NB15_testing-set.csv#id=044059,1
1609,13817,UNSW_NB15_testing-set.csv#id=013867,1
1610,60846,UNSW_NB15_testing-set.csv#id=061393,1
1611,60040,UNSW_NB15_testing-set.csv#id=060572,1
1612,14675,UNSW_NB15_testing-set.csv#id=014725,1
1613,45384,UNSW_NB15_testing-set.csv#id=045435,1
1614,10672,UNSW_NB15_testing-set.csv#id=010722,1
1615,17382,UNSW_NB15_testing-set.csv#id=017432,1
1616,60316,UNSW_NB15_testing-set.csv#id=060849,1
1617,15625,UNSW_NB15_testing-set.csv#id=015675,1
1618,12867,UNSW_NB15_testing-set.csv#id=012917,1
1619,64024,UNSW_NB15_testing-set.csv#id=064603,1
1620,44517,UNSW_NB15_testing-set.csv#id=044567,1
1621,22566,UNSW_NB15_testing-set.csv#id=022616,1
1622,53886,UNSW_NB15_testing-set.csv#id=054219,1
1623,63221,UNSW_NB15_testing-set.csv#id=063793,1
1624,63083,UNSW_NB15_testing-set.csv#id=063651,1
1625,59898,UNSW_NB15_testing-set.csv#id=060427,1
1626,18897,UNSW_NB15_testing-set.csv#id=018947,1
1627,20199,UNSW_NB15_testing-set.csv#id=020249,1
1628,15477,UNSW_NB15_testing-set.csv#id=015527,1
1629,59605,UNSW_NB15_testing-set.csv#id=060130,1
1630,48680,UNSW_NB15_testing-set.csv#id=048796,1
1631,63265,UNSW_NB15_testing-set.csv#id=063838,1
1632,20360,UNSW_NB15_testing-set.csv#id=020410,1
1633,13638,UNSW_NB15_testing-set.csv#id=013688,1
1634,1027,UNSW_NB15_testing-set.csv#id=001034,1
1635,45145,UNSW_NB15_testing-set.csv#id=045196,1
1636,9208,UNSW_NB15_testing-set.csv#id=009258,1
1637,15816,UNSW_NB15_testing-set.csv#id=015866,1
1638,3224,UNSW_NB15_testing-set.csv#id=003249,1
1639,3901,UNSW_NB15_testing-set.csv#id=003929,1
1640,16462,UNSW_NB15_testing-set.csv#id=016512,1
1641,4816,UNSW_NB15_testing-set.csv#id=004846,1
1642,6207,UNSW_NB15_testing-set.csv#id=006241,1
1643,15517,UNSW_NB15_testing-set.csv#id=015567,1
1644,22303,UNSW_NB15_testing-set.csv#id=022353,1
1645,9987,UNSW_NB15_testing-set.csv#id=010037,1
1646,61155,UNSW_NB15_testing-set.csv#id=061704,1
1647,22255,UNSW_NB15_testing-set.csv#id=022305,1
1648,17663,UNSW_NB15_testing-set.csv#id=017713,1
1649,2919,UNSW_NB15_testing-set.csv#id=002943,1
1650,46947,UNSW_NB15_testing-set.csv#id=047009,1
1651,53141,UNSW_NB15_testing-set.csv#id=053443,1
1652,51640,UNSW_NB15_testing-set.csv#id=051881,1
1653,58514,UNSW_NB15_testing-set.csv#id=059013,1
1654,64816,UNSW_NB15_testing-set.csv#id=065397,1
1655,8533,UNSW_NB15_testing-set.csv#id=008583,1
1656,46047,UNSW_NB15_testing-set.csv#id=046099,1
1657,5542,UNSW_NB15_testing-set.csv#id=005576,1
1658,6318,UNSW_NB15_testing-set.csv#id=006354,1
1659,44241,UNSW_NB15_testing-set.csv#id=044291,1
1660,18359,UNSW_NB15_testing-set.csv#id=018409,1
1661,54951,UNSW_NB15_testing-set.csv#id=055324,1
1662,13405,UNSW_NB15_testing-set.csv#id=013455,1
1663,48866,UNSW_NB15_testing-set.csv#id=048992,1
1664,64878,UNSW_NB15_testing-set.csv#id=065459,1
1665,44218,UNSW_NB15_testing-set.csv#id=044268,1
1666,56382,UNSW_NB15_testing-set.csv#id=056816,1
1667,19115,UNSW_NB15_testing-set.csv#id=019165,1
1668,52396,UNSW_NB15_testing-set.csv#id=052664,1
1669,20224,UNSW_NB15_testing-set.csv#id=020274,1
1670,15431,UNSW_NB15_testing-set.csv#id=015481,1
1671,50504,UNSW_NB15_testing-set.csv#id=050706,1
1672,4010,UNSW_NB15_testing-set.csv#id=004038,1
1673,50697,UNSW_NB15_testing-set.csv#id=050908,1
1674,8576,UNSW_NB15_testing-set.csv#id=008626,1
1675,59007,UNSW_NB15_testing-set.csv#id=059521,1
1676,59906,UNSW_NB15_testing-set.csv#id=060435,1
1677,44939,UNSW_NB15_testing-set.csv#id=044989,1
1678,12452,UNSW_NB15_testing-set.csv#id=012502,1
1679,5332,UNSW_NB15_testing-set.csv#id=005364,1
1680,17879,UNSW_NB15_testing-set.csv#id=017929,1
1681,20191,UNSW_NB15_testing-set.csv#id=020241,1
1682,46749,UNSW_NB15_testing-set.csv#id=046808,1
1683,52051,UNSW_NB15_testing-set.csv#id=052307,1
1684,13526,UNSW_NB15_testing-set.csv#id=013576,1
1685,60624,UNSW_NB15_testing-set.csv#id=061162,1
1686,58439,UNSW_NB15_testing-set.csv#id=058934,1
1687,55163,UNSW_NB15_testing-set.csv#id=055545,1
1688,15708,UNSW_NB15_testing-set.csv#id=015758,1
1689,43814,UNSW_NB15_testing-set.csv#id=043864,1
1690,58417,UNSW_NB15_testing-set.csv#id=058911,1
1691,18686,UNSW_NB15_testing-set.csv#id=018736,1
1692,10805,UNSW_NB15_testing-set.csv#id=010855,1
1693,11560,UNSW_NB15_testing-set.csv#id=011610,1
1694,50369,UNSW_NB15_testing-set.csv#id=050566,1
1695,47658,UNSW_NB15_testing-set.csv#id=047738,1
1696,60327,UNSW_NB15_testing-set.csv#id=060860,1
1697,51624,UNSW_NB15_testing-set.csv#id=051864,1
1698,18082,UNSW_NB15_testing-set.csv#id=018132,1
1699,54285,UNSW_NB15_testing-set.csv#id=054633,1
1700,1559,UNSW_NB15_testing-set.csv#id=001574,1
1701,44106,UNSW_NB15_testing-set.csv#id=044156,1
1702,50626,UNSW_NB15_testing-set.csv#id=050834,1
1703,11933,UNSW_NB15_testing-set.csv#id=011983,1
1704,23120,UNSW_NB15_testing-set.csv#id=023170,1
1705,62828,UNSW_NB15_testing-set.csv#id=063395,1
1706,443,UNSW_NB15_testing-set.csv#id=000445,1
1707,19970,UNSW_NB15_testing-set.csv#id=020020,1
1708,58670,UNSW_NB15_testing-set.csv#id=059177,1
1709,10630,UNSW_NB15_testing-set.csv#id=010680,1
1710,48169,UNSW_NB15_testing-set.csv#id=048265,1
1711,4773,UNSW_NB15_testing-set.csv#id=004803,1
1712,10670,UNSW_NB15_testing-set.csv#id=010720,1
1713,60884,UNSW_NB15_testing-set.csv#id=061433,1
1714,2420,UNSW_NB15_testing-set.csv#id=002441,1
1715,17220,UNSW_NB15_testing-set.csv#id=017270,1
1716,56131,UNSW_NB15_testing-set.csv#id=056557,1
1717,17737,UNSW_NB15_testing-set.csv#id=017787,1
1718,53401,UNSW_NB15_testing-set.csv#id=053713,1
1719,53421,UNSW_NB15_testing-set.csv#id=053734,1
1720,59006,UNSW_NB15_testing-set.csv#id=059520,1
1721,604,UNSW_NB15_testing-set.csv#id=000609,1
1722,54928,UNSW_NB15_testing-set.csv#id=055301,1
1723,49739,UNSW_NB15_testing-set.csv#id=049908,1
1724,52241,UNSW_NB15_testing-set.csv#id=052503,1
1725,54440,UNSW_NB15_testing-set.csv#id=054793,1
1726,50554,UNSW_NB15_testing-set.csv#id=050759,1
1727,61953,UNSW_NB15_testing-set.csv#id=062518,1
1728,5103,UNSW_NB15_testing-set.csv#id=005133,1
1729,16654,UNSW_NB15_testing-set.csv#id=016704,1
1730,2409,UNSW_NB15_testing-set.csv#id=002430,1
1731,62917,UNSW_NB15_testing-set.csv#id=063484,1
1732,16821,UNSW_NB15_testing-set.csv#id=016871,1
1733,2691,UNSW_NB15_testing-set.csv#id=002713,1
1734,1887,UNSW_NB15_testing-set.csv#id=001906,1
1735,10847,UNSW_NB15_testing-set.csv#id=010897,1
1736,57113,UNSW_NB15_testing-set.csv#id=057576,1
1737,20016,UNSW_NB15_testing-set.csv#id=020066,1
1738,61658,UNSW_NB15_testing-set.csv#id=062214,1
1739,12081,UNSW_NB15_testing-set.csv#id=012131,1
1740,56203,UNSW_NB15_testing-set.csv#id=056631,1
1741,44563,UNSW_NB15_testing-set.csv#id=044613,1
1742,45233,UNSW_NB15_testing-set.csv#id=045284,1
1743,10117,UNSW_NB15_testing-set.csv#id=010167,1
1744,4016,UNSW_NB15_testing-set.csv#id=004044,1
1745,49434,UNSW_NB15_testing-set.csv#id=049583,1
1746,55835,UNSW_NB15_testing-set.csv#id=056249,1
1747,3537,UNSW_NB15_testing-set.csv#id=003564,1
1748,18557,UNSW_NB15_testing-set.csv#id=018607,1
1749,11007,UNSW_NB15_testing-set.csv#id=011057,1
1750,64037,UNSW_NB15_testing-set.csv#id=064616,1
1751,14717,UNSW_NB15_testing-set.csv#id=014767,1
1752,20935,UNSW_NB15_testing-set.csv#id=020985,1
1753,58784,UNSW_NB15_testing-set.csv#id=059295,1
1754,64380,UNSW_NB15_testing-set.csv#id=064959,1
1755,59462,UNSW_NB15_testing-set.csv#id=059985,1
1756,22037,UNSW_NB15_testing-set.csv#id=022087,1
1757,63391,UNSW_NB15_testing-set.csv#id=063966,1
1758,55117,UNSW_NB15_testing-set.csv#id=055496,1
1759,22861,UNSW_NB15_testing-set.csv#id=022911,1
1760,2065,UNSW_NB15_testing-set.csv#id=002085,1
1761,13497,UNSW_NB15_testing-set.csv#id=013547,1
1762,5756,UNSW_NB15_testing-set.csv#id=005790,1
1763,452,UNSW_NB15_testing-set.csv#id=000454,1
1764,15666,UNSW_NB15_testing-set.csv#id=015716,1
1765,48876,UNSW_NB15_testing-set.csv#id=049002,1
1766,53906,UNSW_NB15_testing-set.csv#id=054241,1
1767,63717,UNSW_NB15_testing-set.csv#id=064296,1
1768,53185,UNSW_NB15_testing-set.csv#id=053490,1
1769,57091,UNSW_NB15_testing-set.csv#id=057554,1
1770,13074,UNSW_NB15_testing-set.csv#id=013124,1
1771,7099,UNSW_NB15_testing-set.csv#id=007149,1
1772,64355,UNSW_NB15_testing-set.csv#id=064934,1
1773,5018,UNSW_NB15_testing-set.csv#id=005048,1
1774,63700,UNSW_NB15_testing-set.csv#id=064279,1
1775,18802,UNSW_NB15_testing-set.csv#id=018852,1
1776,49644,UNSW_NB15_testing-set.csv#id=049806,1
1777,63333,UNSW_NB15_testing-set.csv#id=063906,1
1778,45148,UNSW_NB15_testing-set.csv#id=045199,1
1779,49449,UNSW_NB15_testing-set.csv#id=049599,1
1780,19840,UNSW_NB15_testing-set.csv#id=019890,1
1781,56555,UNSW_NB15_testing-set.csv#id=056997,1
1782,53135,UNSW_NB15_testing-set.csv#id=053437,1
1783,22826,UNSW_NB15_testing-set.csv#id=022876,1
1784,5324,UNSW_NB15_testing-set.csv#id=005356,1
1785,3546,UNSW_NB15_testing-set.csv#id=003573,1
1786,59123,UNSW_NB15_testing-set.csv#id=059640,1
1787,20762,UNSW_NB15_testing-set.csv#id=020812,1
1788,55348,UNSW_NB15_testing-set.csv#id=055740,1
1789,48284,UNSW_NB15_testing-set.csv#id=048383,1
1790,63421,UNSW_NB15_testing-set.csv#id=063997,1
1791,12925,UNSW_NB15_testing-set.csv#id=012975,1
1792,52621,UNSW_NB15_testing-set.csv#id=052899,1
1793,23186,UNSW_NB15_testing-set.csv#id=023236,1
1794,60757,UNSW_NB15_testing-set.csv#id=061300,1
1795,49513,UNSW_NB15_testing-set.csv#id=049666,1
1796,54438,UNSW_NB15_testing-set.csv#id=054791,1
1797,64388,UNSW_NB15_testing-set.csv#id=064967,1
1798,21514,UNSW_NB15_testing-set.csv#id=021564,1
1799,59679,UNSW_NB15_testing-set.csv#id=060205,1
1800,48156,UNSW_NB15_testing-set.csv#id=048252,1
1801,56283,UNSW_NB15_testing-set.csv#id=056713,1
1802,64261,UNSW_NB15_testing-set.csv#id=064840,1
1803,52307,UNSW_NB15_testing-set.csv#id=052571,1
1804,48756,UNSW_NB15_testing-set.csv#id=048876,1
1805,43948,UNSW_NB15_testing-set.csv#id=043998,1
1806,51844,UNSW_NB15_testing-set.csv#id=052093,1
1807,7830,UNSW_NB15_testing-set.csv#id=007880,1
1808,12631,UNSW_NB15_testing-set.csv#id=012681,1
1809,18758,UNSW_NB15_testing-set.csv#id=018808,1
1810,568,UNSW_NB15_testing-set.csv#id=000573,1
1811,45764,UNSW_NB15_testing-set.csv#id=045816,1
1812,47189,UNSW_NB15_testing-set.csv#id=047257,1
1813,6589,UNSW_NB15_testing-set.csv#id=006628,1
1814,13947,UNSW_NB15_testing-set.csv#id=013997,1
1815,18972,UNSW_NB15_testing-set.csv#id=019022,1
1816,20217,UNSW_NB15_testing-set.csv#id=020267,1
1817,51306,UNSW_NB15_testing-set.csv#id=051539,1
1818,61855,UNSW_NB15_testing-set.csv#id=062416,1
1819,47616,UNSW_NB15_testing-set.csv#id=047696,1
1820,1349,UNSW_NB15_testing-set.csv#id=001362,1
1821,11794,UNSW_NB15_testing-set.csv#id=011844,1
1822,8783,UNSW_NB15_testing-set.csv#id=008833,1
1823,14348,UNSW_NB15_testing-set.csv#id=014398,1
1824,15347,UNSW_NB15_testing-set.csv#id=015397,1
1825,623,UNSW_NB15_testing-set.csv#id=000628,1
1826,8155,UNSW_NB15_testing-set.csv#id=008205,1
1827,17695,UNSW_NB15_testing-set.csv#id=017745,1
1828,48641,UNSW_NB15_testing-set.csv#id=048755,1
1829,48559,UNSW_NB15_testing-set.csv#id=048667,1
1830,61414,UNSW_NB15_testing-set.csv#id=061964,1
1831,65021,UNSW_NB15_testing-set.csv#id=065603,1
1832,18011,UNSW_NB15_testing-set.csv#id=018061,1
1833,1221,UNSW_NB15_testing-set.csv#id=001232,1
1834,4923,UNSW_NB15_testing-set.csv#id=004953,1
1835,23293,UNSW_NB15_testing-set.csv#id=023343,1
1836,44213,UNSW_NB15_testing-set.csv#id=044263,1
1837,58328,UNSW_NB15_testing-set.csv#id=058822,1
1838,22484,UNSW_NB15_testing-set.csv#id=022534,1
1839,46511,UNSW_NB15_testing-set.csv#id=046570,1
1840,15429,UNSW_NB15_testing-set.csv#id=015479,1
1841,17375,UNSW_NB15_testing-set.csv#id=017425,1
1842,58435,UNSW_NB15_testing-set.csv#id=058930,1
1843,5601,UNSW_NB15_testing-set.csv#id=005635,1
1844,46702,UNSW_NB15_testing-set.csv#id=046761,1
1845,13843,UNSW_NB15_testing-set.csv#id=013893,1
1846,61082,UNSW_NB15_testing-set.csv#id=061631,1
1847,19458,UNSW_NB15_testing-set.csv#id=019508,1
1848,22755,UNSW_NB15_testing-set.csv#id=022805,1
1849,16738,UNSW_NB15_testing-set.csv#id=016788,1
1850,58519,UNSW_NB15_testing-set.csv#id=059018,1
1851,51257,UNSW_NB15_testing-set.csv#id=051489,1
1852,54802,UNSW_NB15_testing-set.csv#id=055170,1
1853,44219,UNSW_NB15_testing-set.csv#id=044269,1
1854,21767,UNSW_NB15_testing-set.csv#id=021817,1
1855,15012,UNSW_NB15_testing-set.csv#id=015062,1
1856,58188,UNSW_NB15_testing-set.csv#id=058677,1
1857,62066,UNSW_NB15_testing-set.csv#id=062631,1
1858,15340,UNSW_NB15_testing-set.csv#id=015390,1
1859,59828,UNSW_NB15_testing-set.csv#id=060356,1
1860,44588,UNSW_NB15_testing-set.csv#id=044638,1
1861,53695,UNSW_NB15_testing-set.csv#id=054021,1
1862,16598,UNSW_NB15_testing-set.csv#id=016648,1
1863,52862,UNSW_NB15_testing-set.csv#id=053154,1
1864,2835,UNSW_NB15_testing-set.csv#id=002859,1
1865,47906,UNSW_NB15_testing-set.csv#id=047995,1
1866,54557,UNSW_NB15_testing-set.csv#id=054915,1
1867,55965,UNSW_NB15_testing-set.csv#id=056387,1
1868,50423,UNSW_NB15_testing-set.csv#id=050621,1
1869,18394,UNSW_NB15_testing-set.csv#id=018444,1
1870,49485,UNSW_NB15_testing-set.csv#id=049637,1
1871,45337,UNSW_NB15_testing-set.csv#id=045388,1
1872,48970,UNSW_NB15_testing-set.csv#id=049103,1
1873,58633,UNSW_NB15_testing-set.csv#id=059138,1
1874,58164,UNSW_NB15_testing-set.csv#id=058651,1
1875,58030,UNSW_NB15_testing-set.csv#id=058513,1
1876,11116,UNSW_NB15_testing-set.csv#id=011166,1
1877,12241,UNSW_NB15_testing-set.csv#id=012291,1
1878,3996,UNSW_NB15_testing-set.csv#id=004024,1
1879,863,UNSW_NB15_testing-set.csv#id=000869,1
1880,22258,UNSW_NB15_testing-set.csv#id=022308,1
1881,52799,UNSW_NB15_testing-set.csv#id=053088,1
1882,46694,UNSW_NB15_testing-set.csv#id=046753,1
1883,64957,UNSW_NB15_testing-set.csv#id=065538,1
1884,22122,UNSW_NB15_testing-set.csv#id=022172,1
1885,8919,UNSW_NB15_testing-set.csv#id=008969,1
1886,13279,UNSW_NB15_testing-set.csv#id=013329,1
1887,8838,UNSW_NB15_testing-set.csv#id=008888,1
1888,10637,UNSW_NB15_testing-set.csv#id=010687,1
1889,48735,UNSW_NB15_testing-set.csv#id=048853,1
1890,2236,UNSW_NB15_testing-set.csv#id=002257,1
1891,62514,UNSW_NB15_testing-set.csv#id=063081,1
1892,61014,UNSW_NB15_testing-set.csv#id=061563,1
1893,11139,UNSW_NB15_testing-set.csv#id=011189,1
1894,8320,UNSW_NB15_testing-set.csv#id=008370,1
1895,13919,UNSW_NB15_testing-set.csv#id=013969,1
1896,6969,UNSW_NB15_testing-set.csv#id=007019,1
1897,61547,UNSW_NB15_testing-set.csv#id=062099,1
1898,21197,UNSW_NB15_testing-set.csv#id=021247,1
1899,21661,UNSW_NB15_testing-set.csv#id=021711,1
1900,19611,UNSW_NB15_testing-set.csv#id=019661,1
1901,2083,UNSW_NB15_testing-set.csv#id=002104,1
1902,54247,UNSW_NB15_testing-set.csv#id=054594,1
1903,57825,UNSW_NB15_testing-set.csv#id=058302,1
1904,3817,UNSW_NB15_testing-set.csv#id=003844,1
1905,14916,UNSW_NB15_testing-set.csv#id=014966,1
1906,17773,UNSW_NB15_testing-set.csv#id=017823,1
1907,58163,UNSW_NB15_testing-set.csv#id=058650,1
1908,20260,UNSW_NB15_testing-set.csv#id=020310,1
1909,22702,UNSW_NB15_testing-set.csv#id=022752,1
1910,6566,UNSW_NB15_testing-set.csv#id=006604,1
1911,49591,UNSW_NB15_testing-set.csv#id=049749,1
1912,64749,UNSW_NB15_testing-set.csv#id=065330,1
1913,56323,UNSW_NB15_testing-set.csv#id=056755,1
1914,57996,UNSW_NB15_testing-set.csv#id=058478,1
1915,9197,UNSW_NB15_testing-set.csv#id=009247,1
1916,45352,UNSW_NB15_testing-set.csv#id=045403,1
1917,63311,UNSW_NB15_testing-set.csv#id=063884,1
1918,64702,UNSW_NB15_testing-set.csv#id=065283,1
1919,61631,UNSW_NB15_testing-set.csv#id=062185,1
1920,57877,UNSW_NB15_testing-set.csv#id=058356,1
1921,18904,UNSW_NB15_testing-set.csv#id=018954,1
1922,7654,UNSW_NB15_testing-set.csv#id=007704,1
1923,52305,UNSW_NB15_testing-set.csv#id=052569,1
1924,7558,UNSW_NB15_testing-set.csv#id=007608,1
1925,21094,UNSW_NB15_testing-set.csv#id=021144,1
1926,43978,UNSW_NB15_testing-set.csv#id=044028,1
1927,54319,UNSW_NB15_testing-set.csv#id=054669,1
1928,9583,UNSW_NB15_testing-set.csv#id=009633,1
1929,50676,UNSW_NB15_testing-set.csv#id=050887,1
1930,722,UNSW_NB15_testing-set.csv#id=000728,1
1931,15149,UNSW_NB15_testing-set.csv#id=015199,1
1932,49156,UNSW_NB15_testing-set.csv#id=049296,1
1933,61880,UNSW_NB15_testing-set.csv#id=062442,1
1934,17573,UNSW_NB15_testing-set.csv#id=017623,1
1935,54171,UNSW_NB15_testing-set.csv#id=054514,1
1936,52041,UNSW_NB15_testing-set.csv#id=052297,1
1937,6680,UNSW_NB15_testing-set.csv#id=006724,1
1938,51250,UNSW_NB15_testing-set.csv#id=051482,1
1939,54957,UNSW_NB15_testing-set.csv#id=055331,1
1940,14139,UNSW_NB15_testing-set.csv#id=014189,1
1941,19213,UNSW_NB15_testing-set.csv#id=019263,1
1942,55026,UNSW_NB15_testing-set.csv#id=055403,1
1943,20336,UNSW_NB15_testing-set.csv#id=020386,1
1944,65011,UNSW_NB15_testing-set.csv#id=065593,1
1945,3667,UNSW_NB15_testing-set.csv#id=003694,1
1946,63357,UNSW_NB15_testing-set.csv#id=063931,1
1947,22669,UNSW_NB15_testing-set.csv#id=022719,1
1948,16554,UNSW_NB15_testing-set.csv#id=016604,1
1949,22963,UNSW_NB15_testing-set.csv#id=023013,1
1950,5592,UNSW_NB15_testing-set.csv#id=005626,1
1951,50400,UNSW_NB15_testing-set.csv#id=050598,1
1952,47378,UNSW_NB15_testing-set.csv#id=047453,1
1953,10945,UNSW_NB15_testing-set.csv#id=010995,1
1954,7110,UNSW_NB15_testing-set.csv#id=007160,1
1955,52223,UNSW_NB15_testing-set.csv#id=052485,1
1956,16885,UNSW_NB15_testing-set.csv#id=016935,1
1957,18805,UNSW_NB15_testing-set.csv#id=018855,1
1958,58814,UNSW_NB15_testing-set.csv#id=059325,1
1959,52091,UNSW_NB15_testing-set.csv#id=052348,1
1960,57502,UNSW_NB15_testing-set.csv#id=057974,1
1961,19767,UNSW_NB15_testing-set.csv#id=019817,1
1962,899,UNSW_NB15_testing-set.csv#id=000906,1
1963,60886,UNSW_NB15_testing-set.csv#id=061435,1
1964,53728,UNSW_NB15_testing-set.csv#id=054055,1
1965,3218,UNSW_NB15_testing-set.csv#id=003243,1
1966,14279,UNSW_NB15_testing-set.csv#id=014329,1
1967,53198,UNSW_NB15_testing-set.csv#id=053503,1
1968,7978,UNSW_NB15_testing-set.csv#id=008028,1
1969,22046,UNSW_NB15_testing-set.csv#id=022096,1
1970,15185,UNSW_NB15_testing-set.csv#id=015235,1
1971,45800,UNSW_NB15_testing-set.csv#id=045852,1
1972,12792,UNSW_NB15_testing-set.csv#id=012842,1
1973,3715,UNSW_NB15_testing-set.csv#id=003742,1
1974,2728,UNSW_NB15_testing-set.csv#id=002750,1
1975,57278,UNSW_NB15_testing-set.csv#id=057745,1
1976,58178,UNSW_NB15_testing-set.csv#id=058667,1
1977,59366,UNSW_NB15_testing-set.csv#id=059887,1
1978,3466,UNSW_NB15_testing-set.csv#id=003492,1
1979,2745,UNSW_NB15_testing-set.csv#id=002767,1
1980,5425,UNSW_NB15_testing-set.csv#id=005458,1
1981,2106,UNSW_NB15_testing-set.csv#id=002127,1
1982,22346,UNSW_NB15_testing-set.csv#id=022396,1
1983,17417,UNSW_NB15_testing-set.csv#id=017467,1
1984,57979,UNSW_NB15_testing-set.csv#id=058461,1
1985,43750,UNSW_NB15_testing-set.csv#id=043800,1
1986,14310,UNSW_NB15_testing-set.csv#id=014360,1
1987,11244,UNSW_NB15_testing-set.csv#id=011294,1
1988,56304,UNSW_NB15_testing-set.csv#id=056735,1
1989,12267,UNSW_NB15_testing-set.csv#id=012317,1
1990,43797,UNSW_NB15_testing-set.csv#id=043847,1
1991,53332,UNSW_NB15_testing-set.csv#id=053642,1
1992,22776,UNSW_NB15_testing-set.csv#id=022826,1
1993,58561,UNSW_NB15_testing-set.csv#id=059063,1
1994,61731,UNSW_NB15_testing-set.csv#id=062288,1
1995,5982,UNSW_NB15_testing-set.csv#id=006016,1
1996,60182,UNSW_NB15_testing-set.csv#id=060715,1
1997,45503,UNSW_NB15_testing-set.csv#id=045554,1
1998,53486,UNSW_NB15_testing-set.csv#id=053803,1
1999,56690,UNSW_NB15_testing-set.csv#id=057139,1
